"Jens Ackermann";"FDP";1975;"Sachsen-Anhalt";;"2. Juli 1975";"http://www.jens-ackermann.info";"jens.ackermann@bundestag.de"
"Christian Ahrendt";"FDP";1963;"Mecklenburg-Vorpommern";;"7. Mai 1963";"http://www.christian-ahrendt.de/";"christian.ahrendt@bundestag.de"
"Ilse Aigner";"CSU";1964;"Bayern";"Starnberg";"7. Dezember 1964";"http://www.ilse-aigner.de";"ilse.aigner@bundestag.de"
"Jan van Aken";"DIE LINKE";1961;"Hamburg";;"1. Mai 1961";"http://www.jan-van-aken.de";"jan.vanaken@bundestag.de"
"Agnes Alpers";"DIE LINKE";1961;"Bremen";;"29. Juni 1961";"http://www.agnes-alpers.de/";"agnes.alpers@bundestag.de"
"Peter Altmaier";"CDU";1958;"Saarland";"Saarlouis";"18. Juni 1958";"http://www.peteraltmaier.de/";"peter.altmaier@bundestag.de"
"Kerstin Andreae";"GRÜNE";1968;"Baden-Württemberg";;"21. Oktober 1968";"http://www.kerstin-andreae.de";"kerstin.andreae@bundestag.de"
"Ingrid Arndt-Brauer";"SPD";1961;"Nordrhein-Westfalen";;"20. März 1961";"http://www.arndt-brauer.de/";"ingrid.arndt-brauer@bundestag.de"
"Rainer Arnold";"SPD";1950;"Baden-Württemberg";;"21. Juni 1950";"http://www.rainer-arnold.de/";"rainer.arnold@bundestag.de"
"Christine Aschenberg-Dugnus";"FDP";1959;"Schleswig-Holstein";;"22. September 1959";"http://www.christine-aschenberg-dugnus.de";"christine.aschenberg-dugnus@bundestag.de"
"Peter Aumer";"CSU";1976;"Bayern";"Regensburg";"17. April 1976";"http://www.peter-aumer.de/";"peter.aumer@bundestag.de"
"Daniel Bahr";"FDP";1976;"Nordrhein-Westfalen";;"4. November 1976";"http://www.daniel-bahr.de/";"daniel.bahr@bundestag.de"
"Dorothee Bär";"CSU";1978;"Bayern";"Bad Kissingen";"19. April 1978";"http://www.dorothee-baer.de";"dorothee.baer@bundestag.de"
"Heinz-Joachim Barchmann";"SPD";1950;"Niedersachsen";;"17. November 1950";"http://www.achim-barchmann.de";"heinz-joachim.barchmann@bundestag.de"
"Thomas Bareiß";"CDU";1975;"Baden-Württemberg";"Zollernalb – Sigmaringen";"15. Februar 1975";"http://www.thomas-bareiss.de";"thomas.bareiß@bundestag.de"
"Doris Barnett";"SPD";1953;"Rheinland-Pfalz";;"22. Mai 1953";"http://www.doris-barnett.de/";"doris.barnett@bundestag.de"
"Hans-Peter Bartels";"SPD";1961;"Schleswig-Holstein";"Kiel";"7. Mai 1961";"http://www.hans-peter-bartels.de";"hans-peter.bartels@bundestag.de"
"Klaus Barthel";"SPD";1955;"Bayern";;"28. Dezember 1955";"http://www.barthel-spd.de/";"klaus.barthel@bundestag.de"
"Norbert Barthle";"CDU";1952;"Baden-Württemberg";"Backnang – Schwäbisch Gmünd";"1. Februar 1952";"http://www.barthle.de/";"norbert.barthle@bundestag.de"
"Sören Bartol";"SPD";1974;"Hessen";"Marburg";"4. September 1974";"http://www.bartol.de";"soeren.bartol@bundestag.de"
"Dietmar Bartsch";"DIE LINKE";1958;"Mecklenburg-Vorpommern";;"31. März 1958";"http://www.dietmar-bartsch.de/";"dietmar.bartsch@bundestag.de"
"Bärbel Bas";"SPD";1968;"Nordrhein-Westfalen";"Duisburg I";"3. Mai 1968";"http://www.baerbelbas.de";"baerbel.bas@bundestag.de"
"Sabine Bätzing-Lichtenthäler";"SPD";1975;"Rheinland-Pfalz";;"13. Februar 1975";"http://www.sabine-baetzing-lichtenthaeler.de/";"sabine.baetzing-lichtenthaeler@bundestag.de"
"Günter Baumann";"CDU";1947;"Sachsen";"Erzgebirgskreis I";"1. August 1947";"http://www.guenter-baumann.de/";"guenter.baumann@bundestag.de"
"Ernst-Reinhard Beck";"CDU";1945;"Baden-Württemberg";"Reutlingen";"31. August 1945";"http://www.ernst-reinhard-beck.de";"ernst-reinhard.beck@bundestag.de"
"Marieluise Beck";"GRÜNE";1952;"Bremen";;;"http://www.marieluisebeck.de";"marieluise.beck@bundestag.de"
"Volker Beck";"GRÜNE";1960;"Nordrhein-Westfalen";;"12. Dezember 1960";"http://www.volkerbeck.de/";"volker.beck@bundestag.de"
"Dirk Becker";"SPD";1966;"Nordrhein-Westfalen";"Lippe I";"4. Mai 1966";"http://www.becker-mdb.de/";"dirk.becker@bundestag.de"
"Uwe Beckmeyer";"SPD";1949;"Bremen";"Bremen II – Bremerhaven";"26. März 1949";"http://www.uwebeckmeyer.de/";"uwe.beckmeyer@bundestag.de"
"Cornelia Behm";"GRÜNE";1951;"Brandenburg";;"20. September 1951";"http://www.cornelia-behm.de";"cornelia.behm@bundestag.de"
"Herbert Behrens";"DIE LINKE";1954;"Niedersachsen";;"30. Mai 1954";"http://www.linksfraktion.de/abgeordnete/herbert-behrens/profil";"herbert.behrens@bundestag.de"
"Manfred Behrens";"CDU";1956;"Sachsen-Anhalt";"Börde – Jerichower Land";"28. Oktober 1956";"http://www.manfred-behrens.info";"manfred.behrens@bundestag.de"
"Veronika Bellmann";"CDU";1960;"Sachsen";"Mittelsachsen";"20. November 1960";"http://www.veronika-bellmann.de/";"veronika.bellmann@bundestag.de"
"Birgitt Bender";"GRÜNE";1956;"Baden-Württemberg";;"28. Dezember 1956";"http://www.biggi-bender.de/";"birgitt.bender@bundestag.de"
"Christoph Bergner";"CDU";1948;"Sachsen-Anhalt";;"24. November 1948";"http://www.bergner.de/";"christoph.bergner@bundestag.de"
"Florian Bernschneider";"FDP";1986;"Niedersachsen";;"15. Dezember 1986";"http://www.florian-bernschneider.de/";"florian.bernschneider@bundestag.de"
"Peter Beyer";"CDU";1970;"Nordrhein-Westfalen";"Mettmann II";"25. Dezember 1970";"http://www.peter-beyer.info";"peter.beyer@bundestag.de"
"Steffen Bilger";"CDU";1979;"Baden-Württemberg";"Ludwigsburg";"16. Februar 1979";"http://www.steffen-bilger.de";"steffen.bilger@bundestag.de"
"Karin Binder";"DIE LINKE";1957;"Baden-Württemberg";;"28. August 1957";"http://www.linksfraktion.de/abgeordnete/karin-binder/profil";"karin.binder@bundestag.de"
"Lothar Binding";"SPD";1950;"Baden-Württemberg";;"1. April 1950";"http://www.lothar-binding.de/";"lothar.binding@bundestag.de"
"Clemens Binninger";"CDU";1962;"Baden-Württemberg";"Böblingen";"24. April 1962";"http://www.clemens-binninger.de";"clemens.binninger@bundestag.de"
"Matthias Birkwald";"DIE LINKE";1961;"Nordrhein-Westfalen";;"28. September 1961";"http://www.matthias-w-birkwald.de/";"matthias.birkwald@bundestag.de"
"Peter Bleser";"CDU";1952;"Rheinland-Pfalz";"Mosel/Rhein-Hunsrück";"23. Juli 1952";"http://www.peter-bleser.de/";"peter.bleser@bundestag.de"
"Heidrun Bluhm";"DIE LINKE";1958;"Mecklenburg-Vorpommern";;"18. Januar 1958";"http://www.heidrun-bluhm.de/";"heidrun.bluhm@bundestag.de"
"Sebastian Blumenthal";"FDP";1974;"Schleswig-Holstein";;"4. August 1974";"http://www.sebastian-blumenthal.de";"sebastian.blumenthal@bundestag.de"
"Steffen Bockhahn";"DIE LINKE";1978;"Mecklenburg-Vorpommern";"Rostock";"29. Dezember 1978";"http://www.bockhahn.de/";"steffen.bockhahn@bundestag.de"
"Claudia Bögel";"FDP";1961;"Nordrhein-Westfalen";;"15. September 1961";"http://www.claudia-boegel.de";"claudia.boegel@bundestag.de"
"Maria Böhmer";"CDU";1950;"Rheinland-Pfalz";"Ludwigshafen/Frankenthal";"23. April 1950";"http://www.maria-boehmer.de";"maria.boehmer@bundestag.de"
"Gerd Bollmann";"SPD";1947;"Nordrhein-Westfalen";"Herne – Bochum II";"28. September 1947";"http://www.gerd-bollmann.de/";"gerd.bollmann@bundestag.de"
"Alexander Bonde";"GRÜNE";1975;"Baden-Württemberg";;"12. Januar 1975";"http://www.alexbonde.de/";"alexander.bonde@bundestag.de"
"Wolfgang Börnsen";"CDU";1942;"Schleswig-Holstein";"Flensburg – Schleswig";"26. April 1942";"http://www.wolfgang-boernsen.de/";"wolfgang.boernsen@bundestag.de"
"Wolfgang Bosbach";"CDU";1952;"Nordrhein-Westfalen";"Rheinisch-Bergischer Kreis";"11. Juni 1952";"http://www.wobo.de/";"wolfgang.bosbach@bundestag.de"
"Nicole Bracht-Bendt";"FDP";1959;"Niedersachsen";;"27. April 1959";"http://www.nicole-bracht-bendt.de";"nicole.bracht-bendt@bundestag.de"
"Norbert Brackmann";"CDU";1954;"Schleswig-Holstein";"Herzogtum Lauenburg – Stormarn-Süd";"30. August 1954";"http://www.bundestag.de/bundestag/abgeordnete17/biografien/B/brackmann_norbert.html";"norbert.brackmann@bundestag.de"
"Klaus Brähmig";"CDU";1957;"Sachsen";"Sächsische Schweiz – Osterzgebirge";"1. August 1957";"http://klaus-braehmig.de/";"klaus.braehmig@bundestag.de"
"Michael Brand";"CDU";1973;"Hessen";"Fulda";"19. November 1973";"http://www.michael-brand.de";"michael.brand@bundestag.de"
"Reinhard Brandl";"CSU";1977;"Bayern";"Ingolstadt";"1. August 1977";"http://www.reinhard-brandl.de";"reinhard.brandl@bundestag.de"
"Klaus Brandner";"SPD";1949;"Nordrhein-Westfalen";;"13. Januar 1949";"http://www.klausbrandner.de/";"klaus.brandner@bundestag.de"
"Helmut Brandt";"CDU";1950;"Nordrhein-Westfalen";"Kreis Aachen";"24. Oktober 1950";"http://www.helmut-brandt.de/";"helmut.brandt@bundestag.de"
"Willi Brase";"SPD";1951;"Nordrhein-Westfalen";;"10. Oktober 1951";"http://www.willi-brase.de/";"willi.brase@bundestag.de"
"Ralf Brauksiepe";"CDU";1967;"Nordrhein-Westfalen";;"14. März 1967";"http://www.ralf-brauksiepe.de/";"ralf.brauksiepe@bundestag.de"
"Helge Braun";"CDU";1972;"Hessen";"Gießen";"18. Oktober 1972";"http://www.helge-braun.de/";"helge.braun@bundestag.de"
"Heike Brehmer";"CDU";1962;"Sachsen-Anhalt";"Harz";"5. November 1962";"http://www.heike-brehmer.de";"heike.brehmer@bundestag.de"
"Klaus Breil";"FDP";1945;"Bayern";;"9. September 1945";"http://www.klaus-breil.de";"klaus.breil@bundestag.de"
"Ralph Brinkhaus";"CDU";1968;"Nordrhein-Westfalen";"Gütersloh";"15. Juni 1968";"http://www.ralph-brinkhaus.de";"ralph.brinkhaus@bundestag.de"
"Bernhard Brinkmann";"SPD";1952;"Niedersachsen";"Hildesheim";"22. Mai 1952";"http://www.bernhard-brinkmann.de/";"bernhard.brinkmann@bundestag.de"
"Rainer Brüderle";"FDP";1945;"Rheinland-Pfalz";;"22. Juni 1945";"http://www.rainer-bruederle.de/";"rainer.bruederle@bundestag.de"
"Angelika Brunkhorst";"FDP";1955;"Niedersachsen";;"9. Oktober 1955";"http://www.angelika-brunkhorst.de/politisch_bundeswehr.htm";"angelika.brunkhorst@bundestag.de"
"Christine Buchholz";"DIE LINKE";1971;"Hessen";;"2. April 1971";"http://www.christinebuchholz.de/";"christine.buchholz@bundestag.de"
"Eva Bulling-Schröter";"DIE LINKE";1956;"Bayern";;"22. Februar 1956";"http://www.bulling-schroeter.de/";"eva.bulling-schroeter@bundestag.de"
"Edelgard Bulmahn";"SPD";1951;"Niedersachsen";"Stadt Hannover II";"4. März 1951";"http://www.edelgard-bulmahn.de/";"edelgard.bulmahn@bundestag.de"
"Marco Bülow";"SPD";1971;"Nordrhein-Westfalen";"Dortmund I";"14. Juni 1971";"http://www.marco-buelow.de/";"marco.buelow@bundestag.de"
"Martina Bunge";"DIE LINKE";1951;"Mecklenburg-Vorpommern";;"18. Mai 1951";"http://www.martina-bunge.de/";"martina.bunge@bundestag.de"
"Ulla Burchardt";"SPD";1954;"Nordrhein-Westfalen";"Dortmund II";"22. April 1954";"http://www.ulla-burchardt.de/";"ulla.burchardt@bundestag.de"
"Ernst Burgbacher";"FDP";1949;"Baden-Württemberg";;"28. Mai 1949";"http://www.ernst-burgbacher.de/";"ernst.burgbacher@bundestag.de"
"Martin Burkert";"SPD";1964;"Bayern";;"14. Oktober 1964";"http://www.martin-burkert.de";"martin.burkert@bundestag.de"
"Marco Buschmann";"FDP";1977;"Nordrhein-Westfalen";;"1. August 1977";"http://www.bundestag.de/bundestag/abgeordnete17/biografien/B/buschmann_marco.html";"marco.buschmann@bundestag.de"
"Cajus Julius Caesar";"CDU";1951;"Nordrhein-Westfalen";;"22. Januar 1951";"http://www.cajuscaesar.de/";"Cajus.Caesar@bundestag.de"
"Sylvia Canel";"FDP";1960;"Hamburg";;"22. Mai 1958";"http://www.sylvia-canel.de";"sylvia.canel@bundestag.de"
"Roland Claus";"DIE LINKE";1954;"Sachsen-Anhalt";;"18. Dezember 1954";"http://www.bundestag.de/bundestag/abgeordnete17/biografien/C/claus_roland.html";"roland.claus@bundestag.de"
"Gitta Connemann";"CDU";1964;"Niedersachsen";"Unterems";"10. Mai 1964";"http://www.gitta-connemann.de/";"gitta.connemann@bundestag.de"
"Viola von Cramon-Taubadel";"GRÜNE";1970;"Niedersachsen";;"23. März 1970";"http://www.violavoncramon.de/";"viola.voncramon@bundestag.de"
"Petra Crone";"SPD";1950;"Nordrhein-Westfalen";;"3. Juli 1950";"http://www.petra-crone.de";"petra.crone@bundestag.de"
"Sevim Dağdelen";"DIE LINKE";1975;"Nordrhein-Westfalen";;"4. September 1975";"http://www.sevimdagdelen.de/";"sevim.dağdelen@bundestag.de"
"Peter Danckert";"SPD";1940;"Brandenburg";"Dahme-Spreewald";"8. Juli 1940";"http://www.peter-danckert.de/";"peter.danckert@bundestag.de"
"Helga Daub";"FDP";1942;"Nordrhein-Westfalen";;"12. Juni 1942";"http://helga-daub.org.liberale.de/";"helga.daub@bundestag.de"
"Leo Dautzenberg";"CDU";1950;"Nordrhein-Westfalen";"Heinsberg";"4. Februar 1950";"http://www.bundestag.de/bundestag/abgeordnete17/biografien/D/dautzenberg_leo.html";"leo.dautzenberg@bundestag.de"
"Diether Dehm";"DIE LINKE";1950;"Niedersachsen";;"3. April 1950";"http://www.bundestag.de/bundestag/abgeordnete17/biografien/D/dehm_diether.html";"diether.dehm@bundestag.de"
"Ekin Deligöz";"GRÜNE";1971;"Bayern";;"21. April 1971";"http://www.ekin.de";"ekin.deligoez@bundestag.de"
"Reiner Deutschmann";"FDP";1953;"Sachsen";;"29. Juni 1953";"http://www.bundestag.de/bundestag/abgeordnete17/biografien/D/deutschmann_reiner.html";"reiner.deutschmann@bundestag.de"
"Heidrun Dittrich";"DIE LINKE";1958;"Niedersachsen";;"23. September 1958";"http://www.heidrundittrich.de";"heidrun.dittrich@bundestag.de"
"Bijan Djir-Sarai";"FDP";1976;"Nordrhein-Westfalen";;"6. Juni 1976";"http://www.bijan-sarai.de";"bijan.djir-sarai@bundestag.de"
"Alexander Dobrindt";"CSU";1970;"Bayern";"Weilheim";"7. Juni 1970";"http://www.alexander-dobrindt.de/";"alexander.dobrindt@bundestag.de"
"Thomas Dörflinger";"CDU";1965;"Baden-Württemberg";"Waldshut";"27. August 1965";"http://www.thomas-doerflinger.de/";"thomas.doerflinger@bundestag.de"
"Patrick Döring";"FDP";1973;"Niedersachsen";;"6. Mai 1973";"http://www.patrick-doering.de/";"patrick.doering@bundestag.de"
"Martin Dörmann";"SPD";1962;"Nordrhein-Westfalen";"Köln I";"30. Juni 1962";"http://www.martin-doermann.de/";"martin.doermann@bundestag.de"
"Katja Dörner";"GRÜNE";1976;"Nordrhein-Westfalen";;"18. Februar 1976";"http://www.bundestag.de/bundestag/abgeordnete17/biografien/D/doerner_katja.html";"katja.doerner@bundestag.de"
"Marie-Luise Dött";"CDU";1953;"Nordrhein-Westfalen";;"20. April 1953";"http://www.marie-luise-doett.de";"marie-luise.doett@bundestag.de"
"Werner Dreibus";"DIE LINKE";1947;"Hessen";;"20. Juni 1947";"http://www.werner-dreibus.de";"werner.dreibus@bundestag.de"
"Elvira Drobinski-Weiß";"SPD";1951;"Baden-Württemberg";;"26. Juni 1951";"http://www.elvira-drobinski-weiss.de";"elvira.drobinski-weiß@bundestag.de"
"Garrelt Duin";"SPD";1968;"Niedersachsen";"Aurich – Emden";"2. April 1968";"http://www.garreltduin.de/";"garrelt.duin@bundestag.de"
"Mechthild Dyckmans";"FDP";1950;"Hessen";;"26. Dezember 1950";"http://www.dyckmans.de/";"mechthild.dyckmans@bundestag.de"
"Harald Ebner";"GRÜNE";1964;"Baden-Württemberg";;"8. Juli 1964";"http://www.bundestag.de/bundestag/abgeordnete17/biografien/E/ebner_harald.html";"harald.ebner@bundestag.de"
"Sebastian Edathy";"SPD";1969;"Niedersachsen";"Nienburg II – Schaumburg";"5. September 1969";"http://edathy.de/";"sebastian.edathy@bundestag.de"
"Ingo Egloff";"SPD";1956;"Hamburg";;"15. Mai 1956";"http://www.bundestag.de/bundestag/abgeordnete17/biografien/E/egloff_ingo.html";"ingo.egloff@bundestag.de"
"Siegmund Ehrmann";"SPD";1952;"Nordrhein-Westfalen";"Krefeld II – Wesel II";"24. Januar 1952";"http://www.siegmund-ehrmann.de/";"siegmund.ehrmann@bundestag.de"
"Dagmar Enkelmann";"DIE LINKE";1956;"Brandenburg";"Märkisch-Oderland – Barnim II";"5. April 1956";"http://www.dagmar-enkelmann.de";"dagmar.enkelmann@bundestag.de"
"Rainer Erdel";"FDP";1955;"Bayern";;"7. Juni 1955";"http://www.rainer-erdel.de";"rainer.erdel@bundestag.de"
"Gernot Erler";"SPD";1944;"Baden-Württemberg";"Freiburg";"3. Mai 1944";"http://www.gernot-erler.de";"gernot.erler@bundestag.de"
"Klaus Ernst";"DIE LINKE";1954;"Bayern";;"1. November 1954";"http://www.klaus-ernst-mdb.de/";"klaus.ernst@bundestag.de"
"Petra Ernstberger";"SPD";1955;"Bayern";;"11. November 1955";"http://www.petra-ernstberger.de/";"petra.ernstberger@bundestag.de"
"Jörg van Essen";"FDP";1947;"Nordrhein-Westfalen";;"29. September 1947";"http://www.joerg-van-essen.de";"joerg.essen@bundestag.de"
"Karin Evers-Meyer";"SPD";1949;"Niedersachsen";"Friesland – Wilhelmshaven";"10. September 1949";"http://www.evers-meyer.de/";"karin.evers-meyer@bundestag.de"
"Thomas Feist";"CDU";1965;"Sachsen";"Leipzig II";"8. April 1965";"http://www.bundestag.de/bundestag/abgeordnete17/biografien/F/feist_thomas.html";"thomas.feist@bundestag.de"
"Hans-Josef Fell";"GRÜNE";1952;"Bayern";;"7. Januar 1952";"http://www.hans-josef-fell.de/";"hans-josef.fell@bundestag.de"
"Enak Ferlemann";"CDU";1963;"Niedersachsen";"Cuxhaven – Stade II";"12. Juli 1963";"http://www.enak-ferlemann.de/";"enak.ferlemann@bundestag.de"
"Elke Ferner";"SPD";1958;"Saarland";;"5. Mai 1958";"http://www.elke-ferner.de/";"elke.ferner@bundestag.de"
"Ingrid Fischbach";"CDU";1957;"Nordrhein-Westfalen";;"25. Juni 1957";"http://www.ingrid-fischbach.de/";"ingrid.fischbach@bundestag.de"
"Axel Fischer";"CDU";1966;"Baden-Württemberg";"Karlsruhe-Land";"5. Mai 1966";"http://www.fischer-mdb.de/";"axel.fischer@bundestag.de"
"Dirk Fischer";"CDU";1943;"Hamburg";"Hamburg-Nord";"29. November 1943";"http://www.dirkfischermdb.de/";"dirk.fischer@bundestag.de"
"Hartwig Fischer";"CDU";1948;"Niedersachsen";;"14. November 1948";"http://www.hartwig-fischer.de/";"hartwig.fischer@bundestag.de"
"Ulrike Flach";"FDP";1951;"Nordrhein-Westfalen";;"1. Januar 1951";"http://www.ulrike-flach.de";"ulrike.flach@bundestag.de"
"Maria Flachsbarth";"CDU";1963;"Niedersachsen";;"2. Juni 1963";"http://www.flachsbarth.info";"maria.flachsbarth@bundestag.de"
"Klaus-Peter Flosbach";"CDU";1952;"Nordrhein-Westfalen";"Oberbergischer Kreis";"8. Januar 1952";"http://www.klaus-peter-flosbach.de/";"klaus-peter.flosbach@bundestag.de"
"Gabriele Fograscher";"SPD";1957;"Bayern";;"6. Mai 1957";"http://www.gabi-fograscher.de/";"gabriele.fograscher@bundestag.de"
"Edgar Franke";"SPD";1960;"Hessen";"Schwalm-Eder";"21. Januar 1960";"http://www.bundestag.de/bundestag/abgeordnete17/biografien/F/franke_edgar.html";"edgar.franke@bundestag.de"
"Herbert Frankenhauser";"CSU";1945;"Bayern";"München-Ost";"23. Juli 1945";"http://www.herbert-frankenhauser.de/";"herbert.frankenhauser@bundestag.de"
"Dagmar Freitag";"SPD";1953;"Nordrhein-Westfalen";"Märkischer Kreis II";"3. März 1953";"http://www.dagmar-freitag.de";"dagmar.freitag@bundestag.de"
"Otto Fricke";"FDP";1965;"Nordrhein-Westfalen";;"21. November 1965";"http://www.ottofricke.de/";"otto.fricke@bundestag.de"
"Paul Friedhoff";"FDP";1943;"Nordrhein-Westfalen";;"2. Februar 1943";"http://www.paul-friedhoff.de";"paul.friedhoff@bundestag.de"
"Hans-Peter Friedrich";"CSU";1957;"Bayern";"Hof";"10. März 1957";"http://www.hp-friedrich.de";"hans-peter.friedrich@bundestag.de"
"Peter Friedrich";"SPD";1972;"Baden-Württemberg";;"6. Mai 1972";"http://www.bundestag.de/bundestag/abgeordnete17/biografien/F/friedrich_peter.html";"peter.friedrich@bundestag.de"
"Michael Frieser";"CSU";1964;"Bayern";"Nürnberg-Süd";"30. März 1964";"http://www.michael-frieser.de";"michael.frieser@bundestag.de"
"Erich G. Fritz";"CDU";1946;"Nordrhein-Westfalen";;"9. Dezember 1946";"http://www.erich-fritz.de/";"erich.fritz@bundestag.de"
"Michael Fuchs";"CDU";1949;"Rheinland-Pfalz";"Koblenz";"6. Februar 1949";"http://www.cdu-fuchs.de/";"michael.fuchs@bundestag.de"
"Hans-Joachim Fuchtel";"CDU";1952;"Baden-Württemberg";"Calw";"13. Februar 1952";"http://www.fuchtel.de/";"hans-joachim.fuchtel@bundestag.de"
"Alexander Funk";"CDU";1974;"Saarland";"Homburg";"18. Juni 1974";"http://www.alex-funk.de/";"alexander.funk@bundestag.de"
"Sigmar Gabriel";"SPD";1959;"Niedersachsen";"Salzgitter – Wolfenbüttel";"12. September 1959";"http://sigmargabriel.de/";"sigmar.gabriel@bundestag.de"
"Ingo Gädechens";"CDU";1960;"Schleswig-Holstein";"Ostholstein";"30. Juli 1960";"http://ingo-gädechens.de";"ingo.gaedechens@bundestag.de"
"Thomas Gambke";"GRÜNE";1949;"Bayern";;"16. Oktober 1949";"http://t-gambke.de/";"thomas.gambke@bundestag.de"
"Peter Gauweiler";"CSU";1949;"Bayern";"München-Süd";"22. Juni 1949";"http://www.peter-gauweiler.de/";"peter.gauweiler@bundestag.de"
"Thomas Gebhart";"CDU";1971;"Rheinland-Pfalz";"Südpfalz";"20. Dezember 1971";"http://www.bundestag.de/bundestag/abgeordnete17/biografien/G/gebhart_thomas.html";"thomas.gebhart@bundestag.de"
"Wolfgang Gehrcke";"DIE LINKE";1943;"Hessen";;"8. September 1943";"http://www.wolfgang-gehrcke.de";"wolfgang.gehrcke@bundestag.de"
"Kai Gehring";"GRÜNE";1977;"Nordrhein-Westfalen";;"26. Dezember 1977";"http://www.kai-gehring.de/";"kai.gehring@bundestag.de"
"Norbert Geis";"CSU";1939;"Bayern";"Aschaffenburg";"13. Januar 1939";"http://www.norbert-geis.de/";"norbert.geis@bundestag.de"
"Edmund Geisen";"FDP";1949;"Rheinland-Pfalz";;"5. März 1949";"http://www.edmund-geisen.de";"edmund.geisen@bundestag.de"
"Michael Gerdes";"SPD";1960;"Nordrhein-Westfalen";"Bottrop – Recklinghausen III";"23. Mai 1960";"http://www.bundestag.de/bundestag/abgeordnete17/biografien/G/gerdes_michael.html";"michael.gerdes@bundestag.de"
"Wolfgang Gerhardt";"FDP";1943;"Hessen";;"31. Dezember 1943";"http://www.wolfgang-gerhardt.de/";"wolfgang.gerhardt@bundestag.de"
"Alois Gerig";"CDU";1956;"Baden-Württemberg";"Odenwald – Tauber";"30. Januar 1956";"http://www.alois-gerig.de";"alois.gerig@bundestag.de"
"Martin Gerster";"SPD";1971;"Baden-Württemberg";;"30. August 1971";"http://www.martin-gerster.de/";"martin.gerster@bundestag.de"
"Eberhard Gienger";"CDU";1951;"Baden-Württemberg";"Neckar-Zaber";"21. Juli 1951";"http://www.gienger-mdb.de/";"eberhard.gienger@bundestag.de"
"Iris Gleicke";"SPD";1964;"Thüringen";;"18. Juli 1964";"http://www.iris-gleicke.de/";"iris.gleicke@bundestag.de"
"Michael Glos";"CSU";1944;"Bayern";"Schweinfurt";"14. Dezember 1944";"http://www.bundestag.de/bundestag/abgeordnete17/biografien/G/glos_michael.html";"michael.glos@bundestag.de"
"Günter Gloser";"SPD";1950;"Bayern";;"27. Januar 1950";"http://www.guenter-gloser.de/";"guenter.gloser@bundestag.de"
"Nicole Gohlke";"DIE LINKE";1975;"Bayern";;"15. November 1975";"http://www.nicole-gohlke.de/";"nicole.gohlke@bundestag.de"
"Hans-Michael Goldmann";"FDP";1946;"Niedersachsen";;"1. Juli 1946";"http://www.michael-goldmann.de/";"hans-michael.goldmann@bundestag.de"
"Heinz Golombeck";"FDP";1948;"Baden-Württemberg";;"19. Oktober 1948";"http://www.bundestag.de/bundestag/abgeordnete17/biografien/G/golombeck_heinz.html";"heinz.golombeck@bundestag.de"
"Diana Golze";"DIE LINKE";1975;"Brandenburg";;"18. Juni 1975";"http://www.diana-golze.de";"diana.golze@bundestag.de"
"Josef Göppel";"CSU";1950;"Bayern";"Ansbach";"16. August 1950";"http://www.bundestag.de/bundestag/abgeordnete17/biografien/G/goeppel_josef.html";"josef.goeppel@bundestag.de"
"Katrin Göring-Eckardt";"GRÜNE";1966;"Thüringen";;"3. Mai 1966";"http://www.goering-eckardt.de/";"katrin.goering-eckardt@bundestag.de"
"Ulrike Gottschalck";"SPD";1955;"Hessen";"Kassel";"8. November 1955";"http://www.ulrike-gottschalck.de";"ulrike.gottschalck@bundestag.de"
"Peter Götz";"CDU";1947;"Baden-Württemberg";"Rastatt";"24. September 1947";"http://www.goetzpeter.de/";"peter.goetz@bundestag.de"
"Wolfgang Götzer";"CSU";1955;"Bayern";"Landshut";"10. Januar 1955";"http://www.wolfganggoetzer.de/";"wolfgang.goetzer@bundestag.de"
"Angelika Graf";"SPD";1947;"Bayern";;"10. Mai 1947";"http://www.grafspd.de/";"angelika.graf@bundestag.de"
"Ute Granold";"CDU";1955;"Rheinland-Pfalz";"Mainz";"2. März 1955";"http://www.granold.de";"ute.granold@bundestag.de"
"Kerstin Griese";"SPD";1966;"Nordrhein-Westfalen";;"6. Dezember 1966";"http://www.kerstin-griese.de/";"kerstin.griese@bundestag.de"
"Reinhard Grindel";"CDU";1961;"Niedersachsen";"Rotenburg I – Soltau-Fallingbostel";"19. September 1961";"http://www.reinhard-grindel.de/";"reinhard.grindel@bundestag.de"
"Hermann Gröhe";"CDU";1961;"Nordrhein-Westfalen";"Neuss I";"25. Februar 1961";"http://www.hermann-groehe.de";"hermann.groehe@bundestag.de"
"Michael Groschek";"SPD";1956;"Nordrhein-Westfalen";"Oberhausen – Wesel III";"9. Dezember 1956";"http://www.bundestag.de/bundestag/abgeordnete17/biografien/G/groschek_michael.html";"michael.groschek@bundestag.de"
"Michael Groß";"SPD";1956;"Nordrhein-Westfalen";"Recklinghausen II";"26. Juli 1956";"http://www.michael-gross-online.de";"michael.groß@bundestag.de"
"Michael Grosse-Brömer";"CDU";1960;"Niedersachsen";"Harburg";"12. Oktober 1960";"http://www.m-grosse-broemer.de/";"michael.grosse-broemer@bundestag.de"
"Astrid Grotelüschen";"CDU";1964;"Niedersachsen";"Delmenhorst – Wesermarsch – Oldenburg-Land";"9. Dezember 1964";"http://www.astrid-grotelueschen.de/";"astrid.grotelueschen@bundestag.de"
"Annette Groth";"DIE LINKE";1954;"Baden-Württemberg";;"16. Mai 1954";"http://www.bundestag.de/bundestag/abgeordnete17/biografien/G/groth_annette.html";"annette.groth@bundestag.de"
"Markus Grübel";"CDU";1959;"Baden-Württemberg";"Esslingen";"15. Oktober 1959";"http://www.markus-gruebel.de";"markus.gruebel@bundestag.de"
"Manfred Grund";"CDU";1955;"Thüringen";"Eichsfeld – Nordhausen – Unstrut-Hainich-Kreis I";"3. Juli 1955";"http://www.manfredgrund.de";"manfred.grund@bundestag.de"
"Miriam Gruß";"FDP";1975;"Bayern";;"3. Dezember 1975";"http://www.miriam-gruss.de/";"miriam.gruß@bundestag.de"
"Monika Grütters";"CDU";1962;"Berlin";;"9. Januar 1962";"http://www.monika-gruetters.de/";"monika.gruetters@bundestag.de"
"Wolfgang Gunkel";"SPD";1947;"Sachsen";;"15. Mai 1947";"http://www.wolfgang-gunkel.de/";"wolfgang.gunkel@bundestag.de"
"Joachim Günther";"FDP";1948;"Sachsen";;"22. Oktober 1948";"http://www.joachimguenther.de";"joachim.guenther@bundestag.de"
"Karl-Theodor zu Guttenberg";"CSU";1971;"Bayern";"Kulmbach";;"http://www.bundestag.de/bundestag/abgeordnete17/biografien/G/guttenberg_karl_theodor.html";
"Olav Gutting";"CDU";1970;"Baden-Württemberg";"Bruchsal – Schwetzingen";"14. Oktober 1970";"http://www.olav-gutting.de";"olav.gutting@bundestag.de"
"Gregor Gysi";"DIE LINKE";1948;"Berlin";"Berlin-Treptow – Köpenick";"16. Januar 1948";"http://www.bundestag.de/bundestag/abgeordnete17/biografien/G/gysi_gregor.html";"gregor.gysi@bundestag.de"
"Hans-Joachim Hacker";"SPD";1949;"Mecklenburg-Vorpommern";;;"http://www.hans-joachimhacker.de/";"hans-joachim.hacker@bundestag.de"
"Bettina Hagedorn";"SPD";1955;"Schleswig-Holstein";;"26. Dezember 1955";"http://www.bettina-hagedorn.de";"bettina.hagedorn@bundestag.de"
"Klaus Hagemann";"SPD";1947;"Rheinland-Pfalz";"Worms";"31. Dezember 1947";"http://www.bundestag.de/bundestag/abgeordnete17/biografien/H/hagemann_klaus.html";"klaus.hagemann@bundestag.de"
"Florian Hahn";"CSU";1974;"Bayern";"München-Land";"14. März 1974";"http://www.florian-hahn.de/";"florian.hahn@bundestag.de"
"Holger Haibach";"CDU";1971;"Hessen";"Hochtaunus";"25. September 1971";"http://www.holger-haibach.de";"holger.haibach@bundestag.de"
"Heike Hänsel";"DIE LINKE";1966;"Baden-Württemberg";;"1. Januar 1966";"http://www.linksfraktion.de/abgeordnete/heike-haensel/profil";"heike.haensel@bundestag.de"
"Christel Happach-Kasan";"FDP";1950;"Schleswig-Holstein";;"4. Januar 1950";"http://www.happach-kasan.de/";"christel.happach-kasan@bundestag.de"
"Stephan Harbarth";"CDU";1971;"Baden-Württemberg";"Rhein-Neckar";"19. Dezember 1971";"http://www.bundestag.de/bundestag/abgeordnete17/biografien/H/harbarth_stephan.html";"stephan.harbarth@bundestag.de"
"Jürgen Hardt";"CDU";1963;"Nordrhein-Westfalen";"Solingen – Remscheid – Wuppertal II";"30. Mai 1963";"http://www.juergenhardt.de";"juergen.hardt@bundestag.de"
"Michael Hartmann";"SPD";1963;"Rheinland-Pfalz";;"11. Mai 1963";"http://www.michael-hartmann-spd.de/";"michael.hartmann@bundestag.de"
"Gerda Hasselfeldt";"CSU";1950;"Bayern";"Fürstenfeldbruck";"7. Juli 1950";"http://www.hasselfeldt.de/";"gerda.hasselfeldt@bundestag.de"
"Britta Haßelmann";"GRÜNE";1961;"Nordrhein-Westfalen";;"10. Dezember 1961";"http://www.britta-hasselmann.de";"britta.haßelmann@bundestag.de"
"Heinz-Peter Haustein";"FDP";1954;"Sachsen";;"10. August 1954";"http://www.heinz-peter-haustein.de";"heinz-peter.haustein@bundestag.de"
"Matthias Heider";"CDU";1966;"Nordrhein-Westfalen";"Olpe – Märkischer Kreis I";"18. Mai 1966";"http://www.matthias-heider.de/";"matthias.heider@bundestag.de"
"Helmut Heiderich";"CDU";1949;"Hessen";;"4. Februar 1949";"http://www.bundestag.de/bundestag/abgeordnete17/biografien/H/heiderich_helmut.html";"helmut.heiderich@bundestag.de"
"Hubertus Heil";"SPD";1972;"Niedersachsen";"Gifhorn – Peine";"3. November 1972";"http://www.hubertus-heil.de/";"hubertus.heil@bundestag.de"
"Mechthild Heil";"CDU";1961;"Rheinland-Pfalz";"Ahrweiler";"23. August 1961";"http://www.mechthild-heil.de";"mechthild.heil@bundestag.de"
"Rosemarie Hein";"DIE LINKE";1953;"Sachsen-Anhalt";"Magdeburg";"17. Januar 1953";"http://www.bundestag.de/bundestag/abgeordnete17/biografien/H/hein_rosemarie.html";"rosemarie.hein@bundestag.de"
"Ursula Heinen-Esser";"CDU";1965;"Nordrhein-Westfalen";;"7. Oktober 1965";"http://www.ursula-heinen.de";"ursula.heinen-esser@bundestag.de"
"Frank Heinrich";"CDU";1964;"Sachsen";"Chemnitz";"25. Januar 1964";"http://www.frankheinrich.de";"frank.heinrich@bundestag.de"
"Rolf Hempelmann";"SPD";1948;"Nordrhein-Westfalen";"Essen II";"1. Juni 1948";"http://www.rolfhempelmann.de";"rolf.hempelmann@bundestag.de"
"Barbara Hendricks";"SPD";1952;"Nordrhein-Westfalen";;"29. April 1952";"http://www.barbara-hendricks.de/";"barbara.hendricks@bundestag.de"
"Rudolf Henke";"CDU";1954;"Nordrhein-Westfalen";"Aachen";"5. Juni 1954";"http://www.rudolf-henke.de";"rudolf.henke@bundestag.de"
"Michael Hennrich";"CDU";1965;"Baden-Württemberg";"Nürtingen";"14. Januar 1965";"http://www.michael-hennrich.de";"michael.hennrich@bundestag.de"
"Bettina Herlitzius";"GRÜNE";1960;"Nordrhein-Westfalen";;"8. Juli 1960";"http://www.bettina-herlitzius.de";"bettina.herlitzius@bundestag.de"
"Winfried Hermann";"GRÜNE";1952;"Baden-Württemberg";;"19. Juli 1952";"http://www.winnehermann.de/";"winfried.hermann@bundestag.de"
"Jürgen Herrmann";"CDU";1962;"Nordrhein-Westfalen";"Höxter – Lippe II";"30. November 1962";"http://www.juergen-herrmann.com";"juergen.herrmann@bundestag.de"
"Gustav Herzog";"SPD";1958;"Rheinland-Pfalz";"Kaiserslautern";"11. Oktober 1958";"http://www.gustav-herzog.de/";"gustav.herzog@bundestag.de"
"Ansgar Heveling";"CDU";1972;"Nordrhein-Westfalen";"Krefeld I – Neuss II";"3. Juli 1972";"http://www.ansgar-heveling.de/";"ansgar.heveling@bundestag.de"
"Gabriele Hiller-Ohm";"SPD";1953;"Schleswig-Holstein";"Lübeck";"28. Februar 1953";"http://www.hiller-ohm.de";"gabriele.hiller-ohm@bundestag.de"
"Ernst Hinsken";"CSU";1943;"Bayern";"Straubing";"5. Februar 1943";"http://www.ernst-hinsken.de/";"ernst.hinsken@bundestag.de"
"Peter Hintze";"CDU";1950;"Nordrhein-Westfalen";;"25. April 1950";"http://www.peter-hintze.de/";"peter.hintze@bundestag.de"
"Petra Hinz";"SPD";1962;"Nordrhein-Westfalen";"Essen III";"10. Juni 1962";"http://www.petra-hinz.de";"petra.hinz@bundestag.de"
"Priska Hinz";"GRÜNE";1959;"Hessen";;"10. März 1959";"http://www.priska-hinz.de/";"priska.hinz@bundestag.de"
"Christian Hirte";"CDU";1976;"Thüringen";"Eisenach – Wartburgkreis – Unstrut-Hainich-Kreis II";"23. Mai 1976";"http://www.bundestag.de/bundestag/abgeordnete17/biografien/H/hirte_christian.html";"christian.hirte@bundestag.de"
"Robert Hochbaum";"CDU";1954;"Sachsen";"Vogtlandkreis";"5. Juni 1954";"http://www.robert-hochbaum.de/";"robert.hochbaum@bundestag.de"
"Manuel Höferlin";"FDP";1973;"Rheinland-Pfalz";;"6. Februar 1973";"http://www.manuelhoeferlin.de";"manuel.hoeferlin@bundestag.de"
"Elke Hoff";"FDP";1957;"Rheinland-Pfalz";;;"http://www.elke-hoff.de";"elke.hoff@bundestag.de"
"Ulrike Höfken";"GRÜNE";1955;"Rheinland-Pfalz";;;"http://www.ulrike-hoefken.de";"ulrike.hoefken@bundestag.de"
"Frank Hofmann";"SPD";1949;"Bayern";;"21. April 1949";"http://www.bundestag.de/bundestag/abgeordnete17/biografien/H/hofmann_frank.html";"frank.hofmann@bundestag.de"
"Anton Hofreiter";"GRÜNE";1970;"Bayern";;"2. Februar 1970";"http://www.toni-hofreiter.de/";"anton.hofreiter@bundestag.de"
"Inge Höger";"DIE LINKE";1950;"Nordrhein-Westfalen";;"29. Oktober 1950";"http://www.inge-hoeger.de/";"inge.hoeger@bundestag.de"
"Eva Högl";"SPD";1969;"Berlin";"Berlin-Mitte";"6. Januar 1969";"http://www.eva-hoegl.de/";"eva.hoegl@bundestag.de"
"Bärbel Höhn";"GRÜNE";1952;"Nordrhein-Westfalen";;"4. Mai 1952";"http://www.baerbel-hoehn.de";"baerbel.hoehn@bundestag.de"
"Barbara Höll";"DIE LINKE";1957;"Sachsen";;"26. Dezember 1957";"http://www.linksfraktion.de/abgeordnete/barbara-hoell/profil";"barbara.hoell@bundestag.de"
"Karl Holmeier";"CSU";1956;"Bayern";"Schwandorf";"10. September 1956";"http://holmeier.de//";"karl.holmeier@bundestag.de"
"Franz-Josef Holzenkamp";"CDU";1960;"Niedersachsen";"Cloppenburg – Vechta";"8. Januar 1960";"http://www.fj-holzenkamp.de";"franz-josef.holzenkamp@bundestag.de"
"Birgit Homburger";"FDP";1965;"Baden-Württemberg";;"11. April 1965";"http://www.homburger.de/";"birgit.homburger@bundestag.de"
"Ingrid Hönlinger";"GRÜNE";1964;"Baden-Württemberg";;"17. August 1964";"http://www.ingrid-hoenlinger.de/";"ingrid.hoenlinger@bundestag.de"
"Thilo Hoppe";"GRÜNE";1958;"Niedersachsen";;;"http://www.thilo-hoppe.de";"thilo.hoppe@bundestag.de"
"Joachim Hörster";"CDU";1945;"Rheinland-Pfalz";"Montabaur";;"http://www.joachim-hoerster.de";"joachim.hoerster@bundestag.de"
"Werner Hoyer";"FDP";1951;"Nordrhein-Westfalen";;"17. November 1951";"http://www.wernerhoyer.de/";"werner.hoyer@bundestag.de"
"Anette Hübinger";"CDU";1955;"Saarland";"Saarbrücken";"9. Juli 1955";"http://www.anette-huebinger.info/";"anette.huebinger@bundestag.de"
"Christel Humme";"SPD";1949;"Nordrhein-Westfalen";"Ennepe-Ruhr-Kreis II";"25. November 1949";"http://www.christelhumme.de";"christel.humme@bundestag.de"
"Andrej Hunko";"DIE LINKE";1963;"Nordrhein-Westfalen";;"29. September 1963";"http://www.andrej-hunko.de/bio";"andrej.hunko@bundestag.de"
"Thomas Jarzombek";"CDU";1973;"Nordrhein-Westfalen";"Düsseldorf I";"28. April 1973";"http://www.bundestag.de/bundestag/abgeordnete17/biografien/J/jarzombek_thomas.html";"thomas.jarzombek@bundestag.de"
"Dieter Jasper";"CDU";1964;"Nordrhein-Westfalen";"Steinfurt III";"29. November 1962";"http://www.dieter-jasper.de/";"dieter.jasper@bundestag.de"
"Ulla Jelpke";"DIE LINKE";1951;"Nordrhein-Westfalen";;"9. Juni 1951";"http://www.ulla-jelpke.de/";"ulla.jelpke@bundestag.de"
"Luc Jochimsen";"DIE LINKE";1936;"Thüringen";;"1. März 1936";"http://lukrezia-jochimsen.de";"luc.jochimsen@bundestag.de"
"Andreas Jung";"CDU";1975;"Baden-Württemberg";"Konstanz";"13. Mai 1975";"http://www.erfrischend-jung.de/";"andreas.jung@bundestag.de"
"Franz Josef Jung";"CDU";1949;"Hessen";"Groß-Gerau";"5. März 1949";"http://www.franz-josef-jung.de/";"franz-josef.jung@bundestag.de"
"Josip Juratović";"SPD";1959;"Baden-Württemberg";;"15. Januar 1959";"http://www.juratovic.de/";"josip.juratović@bundestag.de"
"Egon Jüttner";"CDU";1942;"Baden-Württemberg";"Mannheim";"20. Mai 1942";"http://www.bundestag.de/bundestag/abgeordnete17/biografien/J/juettner_egon.html";"egon.juettner@bundestag.de"
"Oliver Kaczmarek";"SPD";1970;"Nordrhein-Westfalen";"Unna I";"8. August 1970";"http://www.oliver-kaczmarek.de";"oliver.kaczmarek@bundestag.de"
"Johannes Kahrs";"SPD";1963;"Hamburg";"Hamburg-Mitte";"15. September 1963";"http://www.kahrs.de/";"johannes.kahrs@bundestag.de"
"Bartholomäus Kalb";"CSU";1949;"Bayern";"Deggendorf";"13. August 1949";"http://www.bartholomaeus-kalb.de/";"bartholomaeus.kalb@bundestag.de"
"Hans-Werner Kammer";"CDU";1948;"Niedersachsen";;;"http://www.bundestag.de/bundestag/abgeordnete17/biografien/K/kammer_hans-werner.html";"hans-werner.kammer@bundestag.de"
"Heiner Kamp";"FDP";1964;"Nordrhein-Westfalen";;"5. Juli 1964";"http://www.heiner-kamp.de";"heiner.kamp@bundestag.de"
"Steffen Kampeter";"CDU";1963;"Nordrhein-Westfalen";"Minden-Lübbecke I";"18. April 1963";"http://www.kampeter.de";"steffen.kampeter@bundestag.de"
"Alois Karl";"CSU";1950;"Bayern";"Amberg";"22. November 1950";"http://www.alois-karl.de/";"alois.karl@bundestag.de"
"Bernhard Kaster";"CDU";1957;"Rheinland-Pfalz";"Trier";"1. November 1957";"http://www.bernhard-kaster.de";"bernhard.kaster@bundestag.de"
"Susanne Kastner";"SPD";1946;"Bayern";;"11. Dezember 1946";"http://www.susanne-kastner.de/";"susanne.kastner@bundestag.de"
"Michael Kauch";"FDP";1967;"Nordrhein-Westfalen";;"4. Mai 1967";"http://www.michael-kauch.de/";"michael.kauch@bundestag.de"
"Siegfried Kauder";"CDU";1950;"Baden-Württemberg";"Schwarzwald-Baar";"20. November 1950";"http://www.siegfriedkauder.de";"siegfried.kauder@bundestag.de"
"Volker Kauder";"CDU";1949;"Baden-Württemberg";"Rottweil – Tuttlingen";"3. September 1949";"http://www.volkerkauder.de/";"volker.kauder@bundestag.de"
"Stefan Kaufmann";"CDU";1969;"Baden-Württemberg";"Stuttgart I";"21. August 1969";"http://www.stefan-kaufmann.de";"stefan.kaufmann@bundestag.de"
"Uwe Kekeritz";"GRÜNE";1953;"Bayern";;"9. Oktober 1953";"http://www.uwekekeritz.de/";"uwe.kekeritz@bundestag.de"
"Ulrich Kelber";"SPD";1968;"Nordrhein-Westfalen";"Bonn";"29. März 1968";"http://www.kelber.de";"ulrich.kelber@bundestag.de"
"Katja Keul";"GRÜNE";1969;"Niedersachsen";;"30. November 1969";"http://www.katja-keul.de";"katja.keul@bundestag.de"
"Roderich Kiesewetter";"CDU";1963;"Baden-Württemberg";"Aalen – Heidenheim";"11. September 1963";"http://www.roderich-kiesewetter.de/";"roderich.kiesewetter@bundestag.de"
"Memet Kılıç";"GRÜNE";1967;"Baden-Württemberg";;"24. Januar 1967";"http://www.bundestag.de/bundestag/abgeordnete17/biografien/K/kilic_memet.html";"memet.kılıç@bundestag.de"
"Sven-Christian Kindler";"GRÜNE";1985;"Niedersachsen";;"14. Februar 1985";"http://www.sven-kindler.de/";"sven-christian.kindler@bundestag.de"
"Katja Kipping";"DIE LINKE";1978;"Sachsen";;"18. Januar 1978";"http://www.katja-kipping.de";"katja.kipping@bundestag.de"
"Eckart von Klaeden";"CDU";1965;"Niedersachsen";;"18. November 1965";"http://www.von-klaeden.de/";"eckart.klaeden@bundestag.de"
"Ewa Klamt";"CDU";1950;"Niedersachsen";;"26. Mai 1950";"http://www.ewaklamt.de";"ewa.klamt@bundestag.de"
"Volkmar Klein";"CDU";1960;"Nordrhein-Westfalen";"Siegen-Wittgenstein";"13. Januar 1960";"http://www.volkmarklein.de/";"volkmar.klein@bundestag.de"
"Maria Klein-Schmeink";"GRÜNE";1958;"Nordrhein-Westfalen";;"6. Januar 1958";"http://www.klein-schmeink.de";"maria.klein-schmeink@bundestag.de"
"Jürgen Klimke";"CDU";1948;"Hamburg";"Hamburg-Wandsbek";"2. Juli 1948";"http://www.klimke-cdu.de";"juergen.klimke@bundestag.de"
"Lars Klingbeil";"SPD";1978;"Niedersachsen";;"23. Februar 1978";"http://www.lars-klingbeil.de";"lars.klingbeil@bundestag.de"
"Julia Klöckner";"CDU";1972;"Rheinland-Pfalz";"Kreuznach";"16. Dezember 1972";"http://www.julia-kloeckner.de";"julia.kloeckner@bundestag.de"
"Axel Knoerig";"CDU";1967;"Niedersachsen";"Diepholz – Nienburg I";"1. März 1967";"http://www.axel-knoerig.de/axel_knoerig.php?u=2";"axel.knoerig@bundestag.de"
"Lutz Knopek";"FDP";1958;"Niedersachsen";;"4. Januar 1958";"http://www.lutz-knopek.de";"lutz.knopek@bundestag.de"
"Pascal Kober";"FDP";1971;"Baden-Württemberg";;"3. Juli 1971";"http://www.pascal-kober.de";"pascal.kober@bundestag.de"
"Harald Koch";"DIE LINKE";1954;"Sachsen-Anhalt";"Mansfeld";"11. September 1954";"http://www.bundestag.de/bundestag/abgeordnete17/biografien/K/koch_harald.html";"harald.koch@bundestag.de"
"Ute Koczy";"GRÜNE";1961;"Nordrhein-Westfalen";;"9. Juni 1961";"http://www.ute-koczy.de";"ute.koczy@bundestag.de"
"Tom Koenigs";"GRÜNE";1944;"Hessen";;"25. Januar 1944";"http://www.bundestag.de/bundestag/abgeordnete17/biografien/K/koenigs_tom.html";"tom.koenigs@bundestag.de"
"Jens Koeppen";"CDU";1962;"Brandenburg";;"27. September 1962";"http://www.jens-koeppen.de";"jens.koeppen@bundestag.de"
"Bärbel Kofler";"SPD";1967;"Bayern";;"24. Mai 1967";"http://www.baerbel-kofler.de";"baerbel.kofler@bundestag.de"
"Heinrich Leonhard Kolb";"FDP";1956;"Hessen";;"8. Januar 1956";"http://www.heinrich-kolb.de/";"heinrich.kolb@bundestag.de"
"Daniela Kolbe";"SPD";1980;"Sachsen";;"22. Februar 1980";"http://dk.spdsachsen.de/";"daniela.kolbe@bundestag.de"
"Manfred Kolbe";"CDU";1953;"Sachsen";"Nordsachsen";"17. August 1953";"http://www.manfredkolbe.de/";"manfred.kolbe@bundestag.de"
"Hellmut Königshaus";"FDP";1950;"Berlin";;"28. Juli 1950";"http://www.bundestag.de/bundestag/abgeordnete17/biografien/K/koenigshaus_hellmut.html";"hellmut.koenigshaus@bundestag.de"
"Gudrun Kopp";"FDP";1950;"Nordrhein-Westfalen";;"18. Oktober 1950";"http://www.gudrun-kopp.de/";"gudrun.kopp@bundestag.de"
"Jürgen Koppelin";"FDP";1945;"Schleswig-Holstein";;"14. September 1945";"http://www.juergen-koppelin.de";"juergen.koppelin@bundestag.de"
"Sebastian Körber";"FDP";1980;"Bayern";;"5. Mai 1980";"http://sebastian-koerber.de";"sebastian.koerber@bundestag.de"
"Fritz Rudolf Körper";"SPD";1954;"Rheinland-Pfalz";;"14. November 1954";"http://www.fritz-rudolf-koerper.de";"fritz-rudolf.koerper@bundestag.de"
"Jan Korte";"DIE LINKE";1977;"Sachsen-Anhalt";"Anhalt";"5. April 1977";"http://www.jankorte.de";"jan.korte@bundestag.de"
"Rolf Koschorrek";"CDU";1956;"Schleswig-Holstein";"Steinburg – Dithmarschen Süd";"17. Juni 1956";"http://www.rolf-koschorrek.de/";"rolf.koschorrek@bundestag.de"
"Hartmut Koschyk";"CSU";1959;"Bayern";"Bayreuth";"16. April 1959";"http://www.koschyk.de/";"hartmut.koschyk@bundestag.de"
"Thomas Kossendey";"CDU";1948;"Niedersachsen";"Oldenburg – Ammerland";"4. März 1948";"http://www.thomaskossendey.de/";"thomas.kossendey@bundestag.de"
"Sylvia Kotting-Uhl";"GRÜNE";1952;"Baden-Württemberg";;;"http://www.kotting-uhl.de";"sylvia.kotting-uhl@bundestag.de"
"Anette Kramme";"SPD";1967;"Bayern";;"10. Oktober 1967";"http://www.anette-kramme.de";"anette.kramme@bundestag.de"
"Jutta Krellmann";"DIE LINKE";1956;"Niedersachsen";;"7. Januar 1956";"http://www.jutta-waehlen.de/";"jutta.krellmann@bundestag.de"
"Nicolette Kressl";"SPD";1958;"Baden-Württemberg";;"29. Oktober 1958";"http://www.kressl.de/";"nicolette.kressl@bundestag.de"
"Holger Krestel";"FDP";1955;"Berlin";;"11. November 1955";"http://www.bundestag.de/bundestag/abgeordnete17/biografien/K/krestel_holger.html";"holger.krestel@bundestag.de"
"Michael Kretschmer";"CDU";1975;"Sachsen";"Görlitz";"7. Mai 1975";"http://www.michaelkretschmer.de";"michael.kretschmer@bundestag.de"
"Gunther Krichbaum";"CDU";1964;"Baden-Württemberg";"Pforzheim";"4. Mai 1964";"http://www.gunther-krichbaum.de/";"gunther.krichbaum@bundestag.de"
"Günter Krings";"CDU";1969;"Nordrhein-Westfalen";"Mönchengladbach";"7. August 1969";"http://www.guenter-krings.de";"guenter.krings@bundestag.de"
"Oliver Krischer";"GRÜNE";1969;"Nordrhein-Westfalen";;"26. Juli 1969";"http://www.bundestag.de/bundestag/abgeordnete17/biografien/K/krischer_oliver.html";"oliver.krischer@bundestag.de"
"Martina Krogmann";"CDU";1964;"Niedersachsen";"Stade I – Rotenburg II";"10. Juli 1964";"http://www.bundestag.de/bundestag/abgeordnete17/biografien/K/krogmann_martina.html";"martina.krogmann@bundestag.de"
"Angelika Krüger-Leißner";"SPD";1951;"Brandenburg";"Oberhavel – Havelland II";"13. August 1951";"http://www.a-k-l.de";"angelika.krueger-leißner@bundestag.de"
"Agnes Krumwiede";"GRÜNE";1977;"Bayern";;"17. Januar 1977";"http://agnes-krumwiede.de/";"agnes.krumwiede@bundestag.de"
"Rüdiger Kruse";"CDU";1961;"Hamburg";"Hamburg-Eimsbüttel";"10. Juni 1961";"http://www.ruedigerkruse.de";"ruediger.kruse@bundestag.de"
"Bettina Kudla";"CDU";1962;"Sachsen";"Leipzig I";"20. Juli 1962";"http://www.bundestag.de/bundestag/abgeordnete17/biografien/K/kudla_bettina.html";"bettina.kudla@bundestag.de"
"Hermann Kues";"CDU";1949;"Niedersachsen";"Mittelems";"21. November 1949";"http://www.hermann-kues.de/";"hermann.kues@bundestag.de"
"Fritz Kuhn";"GRÜNE";1955;"Baden-Württemberg";;"29. Juni 1955";"http://www.fritz-kuhn.de";"fritz.kuhn@bundestag.de"
"Stephan Kühn";"GRÜNE";1979;"Sachsen";;"6. September 1979";"http://www.stephankuehn.com";"stephan.kuehn@bundestag.de"
"Ute Kumpf";"SPD";1947;"Baden-Württemberg";;"4. Dezember 1947";"http://www.ute-kumpf.de/";"ute.kumpf@bundestag.de"
"Renate Künast";"GRÜNE";1955;"Berlin";;"15. Dezember 1955";"http://www.renate-kuenast.de/";"renate.kuenast@bundestag.de"
"Katrin Kunert";"DIE LINKE";1964;"Sachsen-Anhalt";"Altmark";"6. April 1964";"http://www.katrin-kunert.com/";"katrin.kunert@bundestag.de"
"Markus Kurth";"GRÜNE";1966;"Nordrhein-Westfalen";;"14. April 1966";"http://www.markus-kurth.de";"markus.kurth@bundestag.de"
"Patrick Kurth";"FDP";1976;"Thüringen";;"6. Oktober 1976";"http://www.patrick-kurth.de";"patrick.kurth@bundestag.de"
"Undine Kurth";"GRÜNE";1951;"Sachsen-Anhalt";;;"http://www.undine-kurth.de/";"undine.kurth@bundestag.de"
"Günter Lach";"CDU";1954;"Niedersachsen";"Helmstedt – Wolfsburg";"13. Juli 1954";"http://www.bundestag.de/bundestag/abgeordnete17/biografien/L/lach_guenter.html";"guenter.lach@bundestag.de"
"Oskar Lafontaine";"DIE LINKE";1943;"Saarland";;"16. September 1943";"http://www.bundestag.de/bundestag/abgeordnete17/biografien/L/lafontaine_oskar.html";"oskar.lafontaine@bundestag.de"
"Christine Lambrecht";"SPD";1965;"Hessen";;;"http://www.bundestag.de/bundestag/abgeordnete17/biografien/L/lambrecht_christine.html";"christine.lambrecht@bundestag.de"
"Karl A. Lamers";"CDU";1951;"Baden-Württemberg";"Heidelberg";"12. Februar 1951";"http://karl-lamers.de/";"karl-a.lamers@bundestag.de"
"Andreas Lämmel";"CDU";1959;"Sachsen";"Dresden I";"19. April 1959";"http://www.andreas-laemmel.de";"andreas.laemmel@bundestag.de"
"Norbert Lammert";"CDU";1948;"Nordrhein-Westfalen";;"16. November 1948";"http://www.norbert-lammert.de/";"norbert.lammert@bundestag.de"
"Katharina Landgraf";"CDU";1954;"Sachsen";"Leipzig-Land";"24. Februar 1954";"http://www.katharina-landgraf.de/";"katharina.landgraf@bundestag.de"
"Heinz Lanfermann";"FDP";1950;"Brandenburg";;"27. Mai 1950";"http://www.heinz-lanfermann.de";"heinz.lanfermann@bundestag.de"
"Christian Lange";"SPD";1964;"Baden-Württemberg";;"27. Februar 1964";"http://www.lange-spd.de/";"christian.lange@bundestag.de"
"Ulrich Lange";"CSU";1969;"Bayern";"Donau-Ries";"6. Juni 1969";"http://www.bundestag.de/bundestag/abgeordnete17/biografien/L/lange_ulrich.html";"ulrich.lange@bundestag.de"
"Sibylle Laurischk";"FDP";1954;"Baden-Württemberg";;;"http://www.laurischk.de";"sibylle.laurischk@bundestag.de"
"Caren Lay";"DIE LINKE";1972;"Sachsen";;"11. Dezember 1972";"http://caren-lay.de/";"caren.lay@bundestag.de"
"Monika Lazar";"GRÜNE";1967;"Sachsen";;"13. September 1967";"http://www.monika-lazar.de";"monika.lazar@bundestag.de"
"Maximilian Lehmer";"CSU";1946;"Bayern";"Erding – Ebersberg";"6. November 1946";"http://www.lehmer.info/";"maximilian.lehmer@bundestag.de"
"Paul Lehrieder";"CSU";1959;"Bayern";"Würzburg";"20. November 1959";"http://www.paul-lehrieder.de/";"paul.lehrieder@bundestag.de"
"Harald Leibrecht";"FDP";1961;"Baden-Württemberg";;;"http://www.harald-leibrecht.de/";"harald.leibrecht@bundestag.de"
"Sabine Leidig";"DIE LINKE";1961;"Hessen";;"7. August 1961";"http://www.bundestag.de/bundestag/abgeordnete17/biografien/L/leidig_sabine.html";"sabine.leidig@bundestag.de"
"Steffen-Claudio Lemme";"SPD";1965;"Thüringen";;"1. April 1965";"http://www.steffen-lemme.de";"steffen-claudio.lemme@bundestag.de"
"Ralph Lenkert";"DIE LINKE";1967;"Thüringen";"Gera – Jena – Saale-Holzland-Kreis";"9. Mai 1967";"http://www.ralph-lenkert.de/";"ralph.lenkert@bundestag.de"
"Michael Leutert";"DIE LINKE";1974;"Sachsen";;"8. August 1974";"http://www.linksfraktion.de/abgeordnete/michael-leutert/profil";"michael.leutert@bundestag.de"
"Sabine Leutheusser-Schnarrenberger";"FDP";1951;"Bayern";;"26. Juli 1951";"http://www.leutheusser-schnarrenberger.de/";"sabine.leutheusser-schnarrenberger@bundestag.de"
"Ursula von der Leyen";"CDU";1958;"Niedersachsen";;"8. Oktober 1958";"http://www.ursula-von-der-leyen.de/";"ursula.vonderleyen@bundestag.de"
"Stefan Liebich";"DIE LINKE";1972;"Berlin";"Berlin-Pankow";"30. Dezember 1972";"http://www.stefan-liebich.de";"stefan.liebich@bundestag.de"
"Ingbert Liebing";"CDU";1963;"Schleswig-Holstein";"Nordfriesland – Dithmarschen Nord";"11. Mai 1963";"http://www.ingbertliebing.de/";"ingbert.liebing@bundestag.de"
"Matthias Lietz";"CDU";1953;"Mecklenburg-Vorpommern";"Greifswald – Demmin – Ostvorpommern";"12. März 1953";"http://www.matthias-lietz.de";"matthias.lietz@bundestag.de"
"Lars Lindemann";"FDP";1971;"Berlin";;"9. Mai 1971";"http://lars-lindemann.info";"lars.lindemann@bundestag.de"
"Christian Lindner";"FDP";1979;"Nordrhein-Westfalen";;"7. Januar 1979";"http://www.bundestag.de/bundestag/abgeordnete17/biografien/L/lindner_christian.html";"christian.lindner@bundestag.de"
"Martin Lindner";"FDP";1964;"Berlin";;"22. März 1964";"http://www.martin-lindner.info/";"martin.lindner@bundestag.de"
"Tobias Lindner";"GRÜNE";1982;"Rheinland-Pfalz";;"11. Januar 1982";"http://www.tobias-lindner.de/";"tobias.lindner@bundestag.de"
"Michael Link";"FDP";1963;"Baden-Württemberg";;"6. Februar 1963";"http://www.bundestag.de/bundestag/abgeordnete17/biografien/L/link_michael.html";"michael.link@bundestag.de"
"Carsten Linnemann";"CDU";1977;"Nordrhein-Westfalen";"Paderborn";"10. August 1977";"http://www.bundestag.de/bundestag/abgeordnete17/biografien/L/linnemann_carsten.html";"carsten.linnemann@bundestag.de"
"Patricia Lips";"CDU";1963;"Hessen";"Odenwald";"21. Dezember 1963";"http://www.patricia-lips.de/";"patricia.lips@bundestag.de"
"Burkhard Lischka";"SPD";1965;"Sachsen-Anhalt";;"1. Februar 1965";"http://www.bundestag.de/bundestag/abgeordnete17/biografien/L/lischka_burkhard.html";"burkhard.lischka@bundestag.de"
"Gabriele Lösekrug-Möller";"SPD";1951;"Niedersachsen";"Hameln-Pyrmont – Holzminden";"20. April 1951";"http://www.gabriele-loesekrug-moeller.de";"gabriele.loesekrug-moeller@bundestag.de"
"Erwin Lotter";"FDP";1951;"Bayern";;"8. Februar 1951";"http://www.lotter-liberal.de/";"erwin.lotter@bundestag.de"
"Ursula Lötzer";"DIE LINKE";1950;"Nordrhein-Westfalen";;"5. März 1950";"http://www.linksfraktion.de/abgeordnete/ulla-loetzer/profil";"ursula.loetzer@bundestag.de"
"Gesine Lötzsch";"DIE LINKE";1961;"Berlin";"Berlin-Lichtenberg";"7. August 1961";"http://www.gesine-loetzsch.de/";"gesine.loetzsch@bundestag.de"
"Jan-Marco Luczak";"CDU";1975;"Berlin";"Berlin-Tempelhof – Schöneberg";"2. Oktober 1975";"http://www.luczak-berlin.de/";"jan-marco.luczak@bundestag.de"
"Daniela Ludwig";"CSU";1975;"Bayern";"Rosenheim";"7. Juli 1975";"http://www.daniela-ludwig.de";"daniela.ludwig@bundestag.de"
"Kirsten Lühmann";"SPD";1964;"Niedersachsen";;"28. April 1964";"http://www.bundestag.de/bundestag/abgeordnete17/biografien/L/luehmann_kirsten.html";"kirsten.luehmann@bundestag.de"
"Oliver Luksic";"FDP";1979;"Saarland";;"9. Oktober 1979";"http://www.bundestag.de/bundestag/abgeordnete17/biografien/L/luksic_oliver.html";"oliver.luksic@bundestag.de"
"Michael Luther";"CDU";1956;"Sachsen";"Zwickau";"27. September 1956";"http://www.michael-luther.de/";"michael.luther@bundestag.de"
"Thomas Lutze";"DIE LINKE";1969;"Saarland";;"23. August 1969";"http://www.bundestag.de/bundestag/abgeordnete17/biografien/L/lutze_thomas.html";"thomas.lutze@bundestag.de"
"Karin Maag";"CDU";1962;"Baden-Württemberg";"Stuttgart II";"13. Juni 1962";"http://www.karin-maag.de";"karin.maag@bundestag.de"
"Nicole Maisch";"GRÜNE";1981;"Hessen";;"20. April 1981";"http://www.nicolemaisch.de/";"nicole.maisch@bundestag.de"
"Thomas de Maizière";"CDU";1954;"Sachsen";"Meißen";"21. Januar 1954";"http://www.thomasdemaiziere.de/";"thomas.demaiziere@bundestag.de"
"Agnieszka Malczak";"GRÜNE";1985;"Baden-Württemberg";;"8. Februar 1985";"http://www.malczak.de/";"agnieszka.malczak@bundestag.de"
"Caren Marks";"SPD";1963;"Niedersachsen";"Hannover-Land I";"25. September 1963";"http://www.carenmarks.de";"caren.marks@bundestag.de"
"Hans-Georg von der Marwitz";"CDU";1961;"Brandenburg";;"8. April 1961";"http://www.von-der-marwitz-mdb.de/";"hans-georg.vondermarwitz@bundestag.de"
"Katja Mast";"SPD";1971;"Baden-Württemberg";;"4. Februar 1971";"http://www.katja-mast.de/";"katja.mast@bundestag.de"
"Andreas Mattfeldt";"CDU";1969;"Niedersachsen";"Osterholz – Verden";"28. September 1969";"http://www.bundestag.de/bundestag/abgeordnete17/biografien/M/mattfeldt_andreas.html";"andreas.mattfeldt@bundestag.de"
"Hilde Mattheis";"SPD";1954;"Baden-Württemberg";;"6. Oktober 1954";"http://www.hilde-mattheis.de";"hilde.mattheis@bundestag.de"
"Ulrich Maurer";"DIE LINKE";1948;"Baden-Württemberg";;"29. November 1948";"http://www.bundestag.de/bundestag/abgeordnete17/biografien/M/maurer_ulrich.html";"ulrich.maurer@bundestag.de"
"Stephan Mayer";"CSU";1973;"Bayern";"Altötting";"15. Dezember 1973";"http://www.mayerstephan.de/";"stephan.mayer@bundestag.de"
"Horst Meierhofer";"FDP";1972;"Bayern";;"21. April 1972";"http://www.horst-meierhofer.de/";"horst.meierhofer@bundestag.de"
"Patrick Meinhardt";"FDP";1966;"Baden-Württemberg";;;"http://www.patrickmeinhardt.de";"patrick.meinhardt@bundestag.de"
"Michael Meister";"CDU";1961;"Hessen";"Bergstraße";"9. Juni 1961";"http://www.meister-schafft.de";"michael.meister@bundestag.de"
"Dorothée Menzner";"DIE LINKE";1965;"Niedersachsen";;"14. September 1965";"http://www.menzner.info";"dorothée.menzner@bundestag.de"
"Angela Merkel";"CDU";1954;"Mecklenburg-Vorpommern";"Stralsund – Nordvorpommern – Rügen";"17. Juli 1954";"http://www.bundestag.de/bundestag/abgeordnete17/biografien/M/merkel_angela.html";"angela.merkel@bundestag.de"
"Petra Merkel";"SPD";1947;"Berlin";"Berlin-Charlottenburg – Wilmersdorf";"18. September 1947";"http://www.petra-merkel.de/";"petra.merkel@bundestag.de"
"Ullrich Meßmer";"SPD";1954;"Hessen";"Waldeck";"18. Juni 1954";"http://www.ullrich-messmer.de";"ullrich.meßmer@bundestag.de"
"Maria Michalk";"CDU";1949;"Sachsen";"Bautzen I";"6. Dezember 1949";"http://www.maria-michalk.de/";"maria.michalk@bundestag.de"
"Hans Michelbach";"CSU";1949;"Bayern";"Coburg";"3. Mai 1949";"http://www.hans-michelbach.de/";"hans.michelbach@bundestag.de"
"Mathias Middelberg";"CDU";1964;"Niedersachsen";"Stadt Osnabrück";"14. Dezember 1964";"http://www.mathias-middelberg.de";"mathias.middelberg@bundestag.de"
"Matthias Miersch";"SPD";1968;"Niedersachsen";"Hannover-Land II";"19. Dezember 1968";"http://www.matthias-miersch.de";"matthias.miersch@bundestag.de"
"Philipp Mißfelder";"CDU";1979;"Nordrhein-Westfalen";;"25. August 1979";"http://www.philipp-missfelder.de/";"philipp.mißfelder@bundestag.de"
"Cornelia Möhring";"DIE LINKE";1960;"Schleswig-Holstein";;"9. Januar 1960";"http://www.cornelia-moehring.de/";"cornelia.moehring@bundestag.de"
"Gabi Molitor";"FDP";1962;"Nordrhein-Westfalen";;"1. April 1962";"http://www.gabi-molitor.de";"gabi.molitor@bundestag.de"
"Kornelia Möller";"DIE LINKE";1961;"Bayern";;"20. Juni 1961";"http://www.kornelia-moeller.de";"kornelia.moeller@bundestag.de"
"Dietrich Monstadt";"CDU";1957;"Mecklenburg-Vorpommern";"Schwerin – Ludwigslust";"15. September 1957";"http://www.dietrich-monstadt.de";"dietrich.monstadt@bundestag.de"
"Jerzy Montag";"GRÜNE";1947;"Bayern";;;"http://www.jerzy-montag.de/";"jerzy.montag@bundestag.de"
"Marlene Mortler";"CSU";1955;"Bayern";"Roth";"16. Oktober 1955";"http://www.marlenemortler.de";"marlene.mortler@bundestag.de"
"Niema Movassat";"DIE LINKE";1984;"Nordrhein-Westfalen";;"22. August 1984";"http://www.movassat.de/";"niema.movassat@bundestag.de"
"Jan Mücke";"FDP";1973;"Sachsen";;"18. November 1973";"http://www.jan-muecke.de";"jan.muecke@bundestag.de"
"Gerd Müller";"CSU";1955;"Bayern";"Oberallgäu";"25. August 1955";"http://www.gerd-mueller.de/";"gerd.mueller@bundestag.de"
"Kerstin Müller";"GRÜNE";1963;"Nordrhein-Westfalen";;"13. November 1963";"http://www.kerstin-mueller-mdb.de";"kerstin.mueller@bundestag.de"
"Petra Müller";"FDP";1960;"Nordrhein-Westfalen";;"1. Mai 1960";"http://www.petra-mueller-fdp.de/";"petra.mueller@bundestag.de"
"Stefan Müller";"CSU";1975;"Bayern";"Erlangen";"3. September 1975";"http://www.stefanmueller.com";"stefan.mueller@bundestag.de"
"Beate Müller-Gemmeke";"GRÜNE";1960;"Baden-Württemberg";;"7. Oktober 1960";"http://www.mueller-gemmeke.de";"beate.mueller-gemmeke@bundestag.de"
"Burkhardt Müller-Sönksen";"FDP";1959;"Hamburg";;"24. August 1959";"http://www.soenksen.de";"burkhardt.mueller-soenksen@bundestag.de"
"Franz Müntefering";"SPD";1940;"Nordrhein-Westfalen";;"16. Januar 1940";"http://www.franz-muentefering.de/";"franz.muentefering@bundestag.de"
"Philipp Murmann";"CDU";1964;"Schleswig-Holstein";"Plön – Neumünster";"15. Mai 1964";"http://www.philipp-murmann.de/";"philipp.murmann@bundestag.de"
"Rolf Mützenich";"SPD";1959;"Nordrhein-Westfalen";"Köln III";"25. Juni 1959";"http://www.rolfmuetzenich.de/person/index.php";"rolf.muetzenich@bundestag.de"
"Andrea Nahles";"SPD";1970;"Rheinland-Pfalz";;"20. Juni 1970";"http://www.andrea-nahles.de/";"andrea.nahles@bundestag.de"
"Wolfgang Nešković";"DIE LINKE";1948;"Brandenburg";"Cottbus – Spree-Neiße";"3. Juni 1948";"http://www.bundestag.de/bundestag/abgeordnete17/biografien/N/neskovic_wolfgang.html";"wolfgang.nešković@bundestag.de"
"Ingrid Nestle";"GRÜNE";1977;"Schleswig-Holstein";;"22. Dezember 1977";"http://www.ingrid-nestle.de/";"ingrid.nestle@bundestag.de"
"Bernd Neumann";"CDU";1942;"Bremen";;"6. Januar 1942";"http://www.bundestag.de/bundestag/abgeordnete17/biografien/N/neumann_bernd.html";"bernd.neumann@bundestag.de"
"Martin Neumann";"FDP";1956;"Brandenburg";;"27. Januar 1956";"http://www.martin-neumann.net";"martin.neumann@bundestag.de"
"Dirk Niebel";"FDP";1963;"Baden-Württemberg";;"29. März 1963";"http://www.dirk-niebel.de";"dirk.niebel@bundestag.de"
"Dietmar Nietan";"SPD";1964;"Nordrhein-Westfalen";;"25. Mai 1964";"http://www.bundestag.de/bundestag/abgeordnete17/biografien/N/nietan_dietmar.html";"dietmar.nietan@bundestag.de"
"Manfred Nink";"SPD";1950;"Rheinland-Pfalz";;"27. April 1950";"http://www.bundestag.de/bundestag/abgeordnete17/biografien/N/nink_manfred.html";"manfred.nink@bundestag.de"
"Michaela Noll";"CDU";1959;"Nordrhein-Westfalen";"Mettmann I";"24. Dezember 1959";"http://www.michaela-noll.de/";"michaela.noll@bundestag.de"
"Thomas Nord";"DIE LINKE";1957;"Brandenburg";"Frankfurt (Oder) – Oder-Spree";"19. Oktober 1957";"http://www.bundestag.de/bundestag/abgeordnete17/biografien/N/nord_thomas.html";"thomas.nord@bundestag.de"
"Konstantin von Notz";"GRÜNE";1971;"Schleswig-Holstein";;"21. Januar 1971";"http://www.bundestag.de/bundestag/abgeordnete17/biografien/N/notz_konstantin.html";"mail@bundestag.de"
"Omid Nouripour";"GRÜNE";1975;"Hessen";;"18. Juni 1975";"http://www.nouripour.de";"omid.nouripour@bundestag.de"
"Georg Nüßlein";"CSU";1969;"Bayern";"Neu-Ulm";"10. April 1969";"http://www.georg-nuesslein.de/";"georg.nueßlein@bundestag.de"
"Franz Obermeier";"CSU";1946;"Bayern";"Freising";"25. August 1946";"http://www.franz-obermeier.de/";"franz.obermeier@bundestag.de"
"Thomas Oppermann";"SPD";1954;"Niedersachsen";"Göttingen";"27. April 1954";"http://www.thomasoppermann.de";"thomas.oppermann@bundestag.de"
"Holger Ortel";"SPD";1951;"Niedersachsen";;"10. Januar 1951";"http://www.holger-ortel.de";"holger.ortel@bundestag.de"
"Friedrich Ostendorff";"GRÜNE";1953;"Nordrhein-Westfalen";;"12. Januar 1953";"http://www.bundestag.de/bundestag/abgeordnete17/biografien/O/ostendorff_friedrich.html";"friedrich.ostendorff@bundestag.de"
"Eduard Oswald";"CSU";1947;"Bayern";"Augsburg-Land";"6. September 1947";"http://www.eduard-oswald.de";"eduard.oswald@bundestag.de"
"Hermann E. Ott";"GRÜNE";1961;"Nordrhein-Westfalen";;"15. Mai 1961";"http://www.hermann-e-ott.de/";"hermann.ott@bundestag.de"
"Henning Otte";"CDU";1968;"Niedersachsen";"Celle – Uelzen";"27. Oktober 1968";"http://www.henning-otte.de/";"henning.otte@bundestag.de"
"Hans-Joachim Otto";"FDP";1952;"Hessen";;"30. Oktober 1952";"http://www.hans-joachim-otto.de";"hans-joachim.otto@bundestag.de"
"Aydan Özoğuz";"SPD";1967;"Hamburg";;"31. Mai 1967";"http://www.bundestag.de/bundestag/abgeordnete17/biografien/O/oezoguz_aydan.html";"aydan.oezoğuz@bundestag.de"
"Petra Pau";"DIE LINKE";1963;"Berlin";"Berlin-Marzahn – Hellersdorf";"9. August 1963";"http://www.petra-pau.de/";"petra.pau@bundestag.de"
"Michael Paul";"CDU";1964;"Nordrhein-Westfalen";"Köln II";"10. Februar 1964";"http://www.bundestag.de/bundestag/abgeordnete17/biografien/P/paul_michael.html";"michael.paul@bundestag.de"
"Heinz Paula";"SPD";1951;"Bayern";;"24. Mai 1951";"http://www.heinz-paula.de/";"heinz.paula@bundestag.de"
"Elisabeth Paus";"GRÜNE";1968;"Berlin";;"19. September 1968";"http://www.bundestag.de/bundestag/abgeordnete17/biografien/P/paus_lisa.html";"elisabeth.paus@bundestag.de"
"Rita Pawelski";"CDU";1948;"Niedersachsen";;;"http://www.rita-pawelski.de";"rita.pawelski@bundestag.de"
"Jens Petermann";"DIE LINKE";1963;"Thüringen";"Suhl – Schmalkalden-Meiningen – Hildburghausen";"16. Juli 1963";"http://www.bundestag.de/bundestag/abgeordnete17/biografien/P/petermann_jens.html";"jens.petermann@bundestag.de"
"Ulrich Petzold";"CDU";1951;"Sachsen-Anhalt";"Dessau – Wittenberg";"23. September 1951";"http://www.bundestag.de/bundestag/abgeordnete17/biografien/P/petzold_ulrich.html";"ulrich.petzold@bundestag.de"
"Joachim Pfeiffer";"CDU";1967;"Baden-Württemberg";"Waiblingen";"25. April 1967";"http://www.joachim-pfeiffer.info/";"joachim.pfeiffer@bundestag.de"
"Sibylle Pfeiffer";"CDU";1951;"Hessen";"Lahn-Dill";"16. Oktober 1951";"http://www.sibylle-pfeiffer.com/";"sibylle.pfeiffer@bundestag.de"
"Johannes Pflug";"SPD";1946;"Nordrhein-Westfalen";"Duisburg II";"8. April 1946";"http://www.johannes-pflug.de/";"johannes.pflug@bundestag.de"
"Beatrix Philipp";"CDU";1945;"Nordrhein-Westfalen";"Düsseldorf II";"7. Juli 1945";"http://www.beatrix-philipp-mdb.de/";"beatrix.philipp@bundestag.de"
"Cornelia Pieper";"FDP";1959;"Sachsen-Anhalt";;"4. Februar 1959";"http://www.cornelia-pieper.de/";"cornelia.pieper@bundestag.de"
"Gisela Piltz";"FDP";1964;"Nordrhein-Westfalen";;"3. Dezember 1964";"http://www.gisela-piltz.de";"gisela.piltz@bundestag.de"
"Richard Pitterle";"DIE LINKE";1959;"Baden-Württemberg";;"2. März 1959";"http://www.bundestag.de/bundestag/abgeordnete17/biografien/P/pitterle_richard.html";"richard.pitterle@bundestag.de"
"Yvonne Ploetz";"DIE LINKE";1984;"Saarland";;"28. September 1984";"http://www.bundestag.de/bundestag/abgeordnete17/biografien/P/ploetz_yvonne.html";"yvonne.ploetz@bundestag.de"
"Ronald Pofalla";"CDU";1959;"Nordrhein-Westfalen";"Kleve";"15. Mai 1959";"http://www.ronald-pofalla.de/";"ronald.pofalla@bundestag.de"
"Christoph Poland";"CDU";1949;"Mecklenburg-Vorpommern";"Neubrandenburg – Mecklenburg-Strelitz – Uecker-Randow";"19. August 1949";"http://www.christoph-poland.de";"christoph.poland@bundestag.de"
"Ruprecht Polenz";"CDU";1946;"Nordrhein-Westfalen";"Münster";"26. Mai 1946";"http://www.ruprecht-polenz.de";"ruprecht.polenz@bundestag.de"
"Eckhard Pols";"CDU";1962;"Niedersachsen";"Lüchow-Dannenberg – Lüneburg";"14. März 1962";"http://www.bundestag.de/bundestag/abgeordnete17/biografien/P/pols_eckhard.html";"eckhard.pols@bundestag.de"
"Joachim Poß";"SPD";1948;"Nordrhein-Westfalen";"Gelsenkirchen";"27. Dezember 1948";"http://www.joachim-poss.de/";"joachim.poß@bundestag.de"
"Brigitte Pothmer";"GRÜNE";1955;"Niedersachsen";;"10. Februar 1955";"http://www.pothmer.de/";"brigitte.pothmer@bundestag.de"
"Wilhelm Priesmeier";"SPD";1954;"Niedersachsen";"Goslar – Northeim – Osterode";"25. Juli 1954";"http://www.wilhelm-priesmeier.de/";"wilhelm.priesmeier@bundestag.de"
"Florian Pronold";"SPD";1972;"Bayern";;"28. Dezember 1972";"http://florianpronold.de/";"florian.pronold@bundestag.de"
"Lucia Puttrich";"CDU";1961;"Hessen";"Wetterau";"11. April 1961";"http://www.bundestag.de/bundestag/abgeordnete17/biografien/P/puttrich_lucia.html";"lucia.puttrich@bundestag.de"
"Sascha Raabe";"SPD";1968;"Hessen";;;"http://www.sascha-raabe.de/";"sascha.raabe@bundestag.de"
"Thomas Rachel";"CDU";1962;"Nordrhein-Westfalen";"Düren";"17. Mai 1962";"http://www.thomas-rachel.de";"thomas.rachel@bundestag.de"
"Peter Ramsauer";"CSU";1954;"Bayern";"Traunstein";"10. Februar 1954";"http://www.peter-ramsauer.de/";"peter.ramsauer@bundestag.de"
"Christiane Ratjen-Damerau";"FDP";1954;"Niedersachsen";;"4. Juni 1954";"http://www.bundestag.de/bundestag/abgeordnete17/biografien/R/ratjen_damerau_christiane.html";"christiane.ratjen-damerau@bundestag.de"
"Mechthild Rawert";"SPD";1957;"Berlin";;"3. November 1957";"http://www.mechthild-rawert.de/";"mechthild.rawert@bundestag.de"
"Stefan Rebmann";"SPD";1962;"Baden-Württemberg";;"20. Juli 1962";"http://www.bundestag.de/bundestag/abgeordnete17/biografien/R/rebmann_stefan.html";"stefan.rebmann@bundestag.de"
"Eckhardt Rehberg";"CDU";1954;"Mecklenburg-Vorpommern";"Bad Doberan – Güstrow – Müritz";"3. April 1954";"http://www.eckhardt-rehberg.de";"eckhardt.rehberg@bundestag.de"
"Katherina Reiche";"CDU";1973;"Brandenburg";;"16. Juli 1973";"http://www.bundestag.de/bundestag/abgeordnete17/biografien/R/reiche_katherina.html";"katherina.reiche@bundestag.de"
"Gerold Reichenbach";"SPD";1953;"Hessen";;"28. September 1953";"http://www.gerold-reichenbach.de";"gerold.reichenbach@bundestag.de"
"Carola Reimann";"SPD";1967;"Niedersachsen";"Braunschweig";"25. August 1967";"http://www.carola-reimann.de";"carola.reimann@bundestag.de"
"Birgit Reinemund";"FDP";1959;"Baden-Württemberg";;"6. Juni 1959";"http://www.bundestag.de/bundestag/abgeordnete17/biografien/R/reinemund_birgit.html";"birgit.reinemund@bundestag.de"
"Ingrid Remmers";"DIE LINKE";1965;"Nordrhein-Westfalen";;"26. März 1965";"http://ingrid-remmers.de/";"ingrid.remmers@bundestag.de"
"Lothar Riebsamen";"CDU";1957;"Baden-Württemberg";"Bodensee";"24. September 1957";"http://www.lothar-riebsamen.de";"lothar.riebsamen@bundestag.de"
"Josef Rief";"CDU";1960;"Baden-Württemberg";"Biberach";"13. April 1960";"http://www.josef-rief.de";"josef.rief@bundestag.de"
"Klaus Riegert";"CDU";1959;"Baden-Württemberg";"Göppingen";"26. Februar 1959";"http://www.klaus-riegert.de/";"klaus.riegert@bundestag.de"
"Heinz Riesenhuber";"CDU";1935;"Hessen";"Main-Taunus";"1. Dezember 1935";"http://www.heinz-riesenhuber.de/";"heinz.riesenhuber@bundestag.de"
"Sönke Rix";"SPD";1975;"Schleswig-Holstein";;"3. Dezember 1975";"http://www.soenke-rix.de/";"soenke.rix@bundestag.de"
"Peter Röhlinger";"FDP";1939;"Thüringen";;"8. Februar 1939";"http://www.peter-roehlinger.de/";"peter.roehlinger@bundestag.de"
"Johannes Röring";"CDU";1959;"Nordrhein-Westfalen";"Borken II";"16. Mai 1959";"http://www.johannes-roering.de/";"johannes.roering@bundestag.de"
"René Röspel";"SPD";1964;"Nordrhein-Westfalen";"Hagen – Ennepe-Ruhr-Kreis I";"9. Juli 1964";"http://www.rene-roespel.de";"rené.roespel@bundestag.de"
"Ernst Dieter Rossmann";"SPD";1951;"Schleswig-Holstein";;"4. Februar 1951";"http://www.ernst-dieter-rossmann.de/";"ernst-dieter.rossmann@bundestag.de"
"Tabea Rößner";"GRÜNE";1966;"Rheinland-Pfalz";;"7. Dezember 1966";"http://www.tabea-roessner.de/";"tabea.roeßner@bundestag.de"
"Claudia Roth";"GRÜNE";1955;"Bayern";;"15. Mai 1955";"http://www.claudia-roth.de/";"claudia.roth@bundestag.de"
"Karin Roth";"SPD";1949;"Baden-Württemberg";;"6. Februar 1949";"http://www.karin-roth.de/";"karin.roth@bundestag.de"
"Michael Roth";"SPD";1970;"Hessen";"Werra-Meißner – Hersfeld-Rotenburg";"24. August 1970";"http://www.michael-roth.eu";"michael.roth@bundestag.de"
"Norbert Röttgen";"CDU";1965;"Nordrhein-Westfalen";"Rhein-Sieg-Kreis II";"2. Juli 1965";"http://www.norbert-roettgen.de/";"norbert.roettgen@bundestag.de"
"Christian Ruck";"CSU";1954;"Bayern";"Augsburg-Stadt";"24. Dezember 1954";"http://www.christianruck.de";"christian.ruck@bundestag.de"
"Erwin Rüddel";"CDU";1955;"Rheinland-Pfalz";"Neuwied";"21. Dezember 1955";"http://www.erwin-rueddel.de";"erwin.rueddel@bundestag.de"
"Stefan Ruppert";"FDP";1971;"Hessen";;"2. Juli 1971";"http://www.stefan-ruppert.de";"stefan.ruppert@bundestag.de"
"Albert Rupprecht";"CSU";1968;"Bayern";"Weiden";"10. Juni 1968";"http://webarchiv.bundestag.de/archive/2007/0206/mdb/mdb15/bio/R/ruppral0.html";"albert.rupprecht@bundestag.de"
"Marlene Rupprecht";"SPD";1947;"Bayern";;"20. Dezember 1947";"http://www.marlene-rupprecht.de";"marlene.rupprecht@bundestag.de"
"Krista Sager";"GRÜNE";1953;"Hamburg";;"28. Juli 1953";"http://www.krista-sager.de";"krista.sager@bundestag.de"
"Björn Sänger";"FDP";1975;"Hessen";;"10. April 1975";"http://www.bjoern-saenger.de";"bjoern.saenger@bundestag.de"
"Manuel Sarrazin";"GRÜNE";1982;"Hamburg";;"6. Februar 1982";"http://www.manuel-sarrazin.de/";"manuel.sarrazin@bundestag.de"
"Anton Schaaf";"SPD";1962;"Nordrhein-Westfalen";"Mülheim – Essen I";"30. Januar 1962";"http://www.anton-schaaf.de/.net/html/-1/welcome.html";"anton.schaaf@bundestag.de"
"Anita Schäfer";"CDU";1951;"Rheinland-Pfalz";"Pirmasens";"9. Juli 1951";"http://www.anita-schaefer.de/";"anita.schaefer@bundestag.de"
"Axel Schäfer";"SPD";1952;"Nordrhein-Westfalen";"Bochum I";"3. August 1952";"http://www.axelschaefermdb.de/";"axel.schaefer@bundestag.de"
"Paul Schäfer";"DIE LINKE";1949;"Nordrhein-Westfalen";;"18. Januar 1949";"http://www.paulschaefer.info";"paul.schaefer@bundestag.de"
"Frank Schäffler";"FDP";1968;"Nordrhein-Westfalen";;"22. Dezember 1968";"http://www.frank-schaeffler.de";"frank.schaeffler@bundestag.de"
"Elisabeth Scharfenberg";"GRÜNE";1963;"Bayern";;;"http://www.elisabeth-scharfenberg.de";"elisabeth.scharfenberg@bundestag.de"
"Wolfgang Schäuble";"CDU";1942;"Hessen";"Offenburg";"18. September 1942";"http://www.wolfgang-schaeuble.de";"wolfgang.schaeuble@bundestag.de"
"Annette Schavan";"CDU";1955;"Baden-Württemberg";"Ulm";"10. Juni 1955";"http://www.Annette-Schavan.de/";"annette.schavan@bundestag.de"
"Christine Scheel";"GRÜNE";1956;"Bayern";;"31. Dezember 1956";"http://www.christine-scheel.de/";"christine.scheel@bundestag.de"
"Bernd Scheelen";"SPD";1948;"Nordrhein-Westfalen";;"7. Januar 1948";"http://www.berndscheelen.de";"bernd.scheelen@bundestag.de"
"Hermann Scheer";"SPD";1944;"Baden-Württemberg";;"29. April 1944";"http://www.bundestag.de/bundestag/abgeordnete17/biografien/S/scheer_hermann.html";"hermann.scheer@bundestag.de"
"Andreas Scheuer";"CSU";1974;"Bayern";"Passau";"26. September 1974";"http://www.andreas-scheuer.de/";"andreas.scheuer@bundestag.de"
"Gerhard Schick";"GRÜNE";1972;"Baden-Württemberg";;"18. April 1972";"http://www.gerhardschick.net";"gerhard.schick@bundestag.de"
"Marianne Schieder";"SPD";1962;"Bayern";;"23. Mai 1962";"http://www.marianne-schieder.de/";"marianne.schieder@bundestag.de"
"Werner Schieder";"SPD";1948;"Bayern";;"13. September 1948";"http://www.bundestag.de/bundestag/abgeordnete17/biografien/S/schieder_werner.html";"werner.schieder@bundestag.de"
"Karl Schiewerling";"CDU";1951;"Nordrhein-Westfalen";"Coesfeld – Steinfurt II";"18. Mai 1951";"http://www.karl-schiewerling.de/";"karl.schiewerling@bundestag.de"
"Norbert Schindler";"CDU";1949;"Rheinland-Pfalz";"Neustadt – Speyer";"15. Oktober 1949";"http://www.norbert-schindler.de/";"norbert.schindler@bundestag.de"
"Tankred Schipanski";"CDU";1976;"Thüringen";"Gotha – Ilm-Kreis";"30. Dezember 1976";"http://www.tankred-schipanski.de";"tankred.schipanski@bundestag.de"
"Georg Schirmbeck";"CDU";1949;"Niedersachsen";"Osnabrück-Land";"6. Oktober 1949";"http://www.schirmbeck.info/";"georg.schirmbeck@bundestag.de"
"Michael Schlecht";"DIE LINKE";1951;"Baden-Württemberg";;"25. Juni 1951";"http://www.bundestag.de/bundestag/abgeordnete17/biografien/S/schlecht_michael.html";"michael.schlecht@bundestag.de"
"Christian Schmidt";"CSU";1957;"Bayern";"Fürth";"26. August 1957";"http://www.christian-schmidt.de/";"christian.schmidt@bundestag.de"
"Frithjof Schmidt";"GRÜNE";1953;"Nordrhein-Westfalen";;"17. April 1953";"http://www.frithjof-schmidt.de";"frithjof.schmidt@bundestag.de"
"Silvia Schmidt";"SPD";1954;"Sachsen-Anhalt";;"25. März 1954";"http://www.silviaschmidt.de";"silvia.schmidt@bundestag.de"
"Ulla Schmidt";"SPD";1949;"Nordrhein-Westfalen";;"13. Juni 1949";"http://www.ulla-schmidt.de";"ulla.schmidt@bundestag.de"
"Carsten Schneider";"SPD";1976;"Thüringen";;"23. Januar 1976";"http://www.carsten-schneider.de/";"carsten.schneider@bundestag.de"
"Patrick Schnieder";"CDU";1968;"Rheinland-Pfalz";"Bitburg";"1. Mai 1968";"http://www.patrick-schnieder.de";"patrick.schnieder@bundestag.de"
"Christoph Schnurr";"FDP";1984;"Hessen";;"21. Februar 1984";"http://www.christoph-schnurr.de/";"christoph.schnurr@bundestag.de"
"Andreas Schockenhoff";"CDU";1957;"Baden-Württemberg";"Ravensburg";"23. Februar 1957";"http://www.andreas-schockenhoff.de/";"andreas.schockenhoff@bundestag.de"
"Olaf Scholz";"SPD";1958;"Hamburg";"Hamburg-Altona";"14. Juni 1958";"http://www.bundestag.de/bundestag/abgeordnete17/biografien/S/scholz_olaf.html";"olaf.scholz@bundestag.de"
"Nadine Schön";"CDU";1983;"Saarland";"St. Wendel";"5. Juni 1983";"http://www.nadine-mueller.eu/";"nadine.schoen@bundestag.de"
"Ottmar Schreiner";"SPD";1946;"Saarland";;"21. Februar 1946";"http://www.ottmarschreiner.de/";"ottmar.schreiner@bundestag.de"
"Kristina Schröder";"CDU";1977;"Hessen";"Wiesbaden";"3. August 1977";"http://www.kristinaschroeder.de/";"kristina.schroeder@bundestag.de"
"Ole Schröder";"CDU";1971;"Schleswig-Holstein";"Pinneberg";"27. August 1971";"http://www.oleschroeder.de";"ole.schroeder@bundestag.de"
"Herbert Schui";"DIE LINKE";1940;"Niedersachsen";;"13. März 1940";"http://www.herbert-schui.de/";"herbert.schui@bundestag.de"
"Bernhard Schulte-Drüggelte";"CDU";1951;"Nordrhein-Westfalen";"Soest";"5. Februar 1951";"http://www.schulte-drueggelte.de/";"bernhard.schulte-drueggelte@bundestag.de"
"Jimmy Schulz";"FDP";1968;"Bayern";;"22. Oktober 1968";"http://www.jimmy-schulz.de/";"jimmy.schulz@bundestag.de"
"Swen Schulz";"SPD";1968;"Berlin";;"1. März 1968";"http://www.swen-schulz.de/";"swen.schulz@bundestag.de"
"Uwe Schummer";"CDU";1957;"Nordrhein-Westfalen";"Viersen";"14. November 1957";"http://www.uwe-schummer.de/";"uwe.schummer@bundestag.de"
"Ewald Schurer";"SPD";1954;"Bayern";;"15. April 1954";"http://www.ewald-schurer.de/";"ewald.schurer@bundestag.de"
"Armin Schuster";"CDU";1961;"Baden-Württemberg";"Lörrach – Müllheim";"20. Mai 1961";"http://www.armin-schuster.eu";"armin.schuster@bundestag.de"
"Marina Schuster";"FDP";1975;"Bayern";;;"http://www.marina-schuster.de/";"marina.schuster@bundestag.de"
"Frank Schwabe";"SPD";1970;"Nordrhein-Westfalen";"Recklinghausen I";"12. November 1970";"http://www.frank-schwabe.de/";"frank.schwabe@bundestag.de"
"Angelica Schwall-Düren";"SPD";1948;"Nordrhein-Westfalen";;"16. Juli 1948";"http://www.schwall-dueren.de/";"angelica.schwall-dueren@bundestag.de"
"Martin Schwanholz";"SPD";1960;"Niedersachsen";;"19. Juni 1960";"http://www.martin-schwanholz.de/";"martin.schwanholz@bundestag.de"
"Rolf Schwanitz";"SPD";1959;"Sachsen";;"2. April 1959";"http://www.rolf-schwanitz.de";"rolf.schwanitz@bundestag.de"
"Stefan Schwartze";"SPD";1974;"Nordrhein-Westfalen";"Herford – Minden-Lübbecke II";"23. Mai 1974";"http://www.stefan-schwartze.de/persoenlich";"stefan.schwartze@bundestag.de"
"Rita Schwarzelühr-Sutter";"SPD";1962;"Baden-Württemberg";;"13. Oktober 1962";"http://www.schwarzeluehr-sutter.de/";"rita.schwarzeluehr-sutter@bundestag.de"
"Erik Schweickert";"FDP";1972;"Baden-Württemberg";;"2. Juni 1972";"http://www.erik-schweickert.de/";"erik.schweickert@bundestag.de"
"Detlef Seif";"CDU";1962;"Nordrhein-Westfalen";"Euskirchen – Erftkreis II";"15. August 1962";"http://www.detlef-seif-cdu.de";"detlef.seif@bundestag.de"
"Ilja Seifert";"DIE LINKE";1951;"Sachsen";;"6. Mai 1951";"http://www.ilja-seifert.de/";"ilja.seifert@bundestag.de"
"Till Seiler";"GRÜNE";1981;"Baden-Württemberg";;"12. April 1981";"http://www.till-seiler.de/";"till.seiler@bundestag.de"
"Johannes Selle";"CDU";1956;"Thüringen";"Kyffhäuserkreis – Sömmerda – Weimarer Land I";"13. Januar 1956";"http://www.johannes-selle.de";"johannes.selle@bundestag.de"
"Reinhold Sendker";"CDU";1952;"Nordrhein-Westfalen";"Warendorf";"24. Oktober 1952";"http://www.bundestag.de/bundestag/abgeordnete17/biografien/S/sendker_reinhold.html";"reinhold.sendker@bundestag.de"
"Kathrin Senger-Schäfer";"DIE LINKE";1962;"Rheinland-Pfalz";;"21. März 1962";"http://www.senger-schaefer.de/";"kathrin.senger-schaefer@bundestag.de"
"Raju Sharma";"DIE LINKE";1964;"Schleswig-Holstein";;"28. Juli 1964";"http://www.raju-sharma.de/";"raju.sharma@bundestag.de"
"Bernd Siebert";"CDU";1949;"Hessen";;"17. Oktober 1949";"http://www.siebert-bernd.de/";"bernd.siebert@bundestag.de"
"Carsten Sieling";"SPD";1959;"Bremen";"Bremen I";"13. Januar 1959";"http://www.bundestag.de/bundestag/abgeordnete17/biografien/S/sieling_carsten.html";"carsten.sieling@bundestag.de"
"Thomas Silberhorn";"CSU";1968;"Bayern";"Bamberg";"12. November 1968";"http://www.thomas-silberhorn.de/";"thomas.silberhorn@bundestag.de"
"Werner Simmling";"FDP";1944;"Baden-Württemberg";;"27. September 1944";"http://www.werner-simmling.de/";"werner.simmling@bundestag.de"
"Johannes Singhammer";"CSU";1953;"Bayern";"München-Nord";"9. Mai 1953";"http://www.singhammer.net";"johannes.singhammer@bundestag.de"
"Petra Sitte";"DIE LINKE";1960;"Sachsen-Anhalt";"Halle";"1. Dezember 1960";"http://www.petra-sitte.de";"petra.sitte@bundestag.de"
"Judith Skudelny";"FDP";1975;"Baden-Württemberg";;"2. Oktober 1975";"http://www.judith-skudelny.de";"judith.skudelny@bundestag.de"
"Hermann Otto Solms";"FDP";1940;"Hessen";;"24. November 1940";"http://www.hermann-otto-solms.de/";"hermann.solms@bundestag.de"
"Jens Spahn";"CDU";1980;"Nordrhein-Westfalen";"Steinfurt I – Borken I";"16. Mai 1980";"http://www.jens-spahn.de";"jens.spahn@bundestag.de"
"Joachim Spatz";"FDP";1964;"Bayern";;"5. Januar 1964";"http://www.bundestag.de/bundestag/abgeordnete17/biografien/S/spatz_joachim.html";"joachim.spatz@bundestag.de"
"Max Stadler";"FDP";1949;"Bayern";;"23. März 1949";"http://www.max-stadler.de/";"max.stadler@bundestag.de"
"Torsten Staffeldt";"FDP";1963;"Bremen";;"7. Februar 1963";"http://www.torsten-staffeldt.de";"torsten.staffeldt@bundestag.de"
"Carola Stauche";"CDU";1952;"Thüringen";"Sonneberg – Saalfeld-Rudolstadt – Saale-Orla-Kreis";"10. Mai 1952";"http://www.carola-stauche.de/";"carola.stauche@bundestag.de"
"Frank Steffel";"CDU";1966;"Berlin";"Berlin-Reinickendorf";"2. März 1966";"http://www.frank-steffel.de";"frank.steffel@bundestag.de"
"Sonja Steffen";"SPD";1963;"Mecklenburg-Vorpommern";;"22. Oktober 1963";"http://www.sonja-steffen.de/";"sonja.steffen@bundestag.de"
"Erika Steinbach";"CDU";1943;"Hessen";"Frankfurt am Main II";"25. Juli 1943";"http://www.erika-steinbach.de";"erika.steinbach@bundestag.de"
"Peer Steinbrück";"SPD";1947;"Nordrhein-Westfalen";;"10. Januar 1947";"http://www.bundestag.de/bundestag/abgeordnete17/biografien/S/steinbrueck_peer.html";"peer.steinbrueck@bundestag.de"
"Dorothea Steiner";"GRÜNE";1948;"Niedersachsen";;"21. August 1948";"http://www.dorothea-steiner.de/";"dorothea.steiner@bundestag.de"
"Kersten Steinke";"DIE LINKE";1958;"Thüringen";;"7. Dezember 1958";"http://www.kersten-steinke.de";"kersten.steinke@bundestag.de"
"Frank-Walter Steinmeier";"SPD";1956;"Brandenburg";"Brandenburg an der Havel";"5. Januar 1956";"http://www.bundestag.de/bundestag/abgeordnete17/biografien/S/steinmeier_frank_walter.html";"frank-walter.steinmeier@bundestag.de"
"Christian von Stetten";"CDU";1970;"Baden-Württemberg";"Schwäbisch Hall – Hohenlohe";"24. Juli 1970";"http://www.christian-stetten.de/";"christian.stetten@bundestag.de"
"Dieter Stier";"CDU";1964;"Sachsen-Anhalt";"Burgenland – Saalekreis";"29. Juni 1964";"http://dieterstier.net";"dieter.stier@bundestag.de"
"Rainer Stinner";"FDP";1947;"Bayern";;"26. Juni 1947";"http://www.rainer-stinner.de";"rainer.stinner@bundestag.de"
"Gero Storjohann";"CDU";1958;"Schleswig-Holstein";"Segeberg – Stormarn-Nord";"12. Februar 1958";"http://www.gero-storjohann.de/";"gero.storjohann@bundestag.de"
"Stephan Stracke";"CSU";1974;"Bayern";"Ostallgäu";"1. April 1974";"http://www.bundestag.de/bundestag/abgeordnete17/biografien/S/stracke_stephan.html";"stephan.stracke@bundestag.de"
"Christoph Strässer";"SPD";1949;"Nordrhein-Westfalen";;"12. Juni 1949";"http://www.christoph-straesser.de/";"christoph.straesser@bundestag.de"
"Max Straubinger";"CSU";1954;"Bayern";"Rottal-Inn";"12. August 1954";"http://www.max-straubinger.de";"max.straubinger@bundestag.de"
"Wolfgang Strengmann-Kuhn";"GRÜNE";1964;"Hessen";;"20. Mai 1964";"http://www.strengmann-kuhn.de/";"wolfgang.strengmann-kuhn@bundestag.de"
"Karin Strenz";"CDU";1967;"Mecklenburg-Vorpommern";"Wismar – Nordwestmecklenburg – Parchim";"14. Oktober 1967";"http://www.strenz.de";"karin.strenz@bundestag.de"
"Hans-Christian Ströbele";"GRÜNE";1939;"Berlin";"Berlin-Friedrichshain – Kreuzberg – Prenzlauer Berg Ost";"7. Juni 1939";"http://www.bundestag.de/bundestag/abgeordnete17/biografien/S/stroebele_hans_christian.html";"hans-christian.stroebele@bundestag.de"
"Thomas Strobl";"CDU";1960;"Baden-Württemberg";"Heilbronn";"17. März 1960";"http://www.thomas-strobl.de/";"thomas.strobl@bundestag.de"
"Lena Strothmann";"CDU";1952;"Nordrhein-Westfalen";"Bielefeld";"20. Dezember 1952";"http://www.lena-strothmann.de";"lena.strothmann@bundestag.de"
"Sabine Stüber";"DIE LINKE";1953;"Brandenburg";"Uckermark – Barnim I";"11. November 1953";"http://www.sabine-stueber.de/page2.php";"sabine.stueber@bundestag.de"
"Michael Stübgen";"CDU";1959;"Brandenburg";"Elbe-Elster – Oberspreewald-Lausitz II";"17. Oktober 1959";"http://www.stuebgen.de/";"michael.stuebgen@bundestag.de"
"Alexander Süßmair";"DIE LINKE";1977;"Bayern";;"18. April 1977";"http://www.bundestag.de/bundestag/abgeordnete17/biografien/S/suessmair_alexander.html";"alexander.sueßmair@bundestag.de"
"Kerstin Tack";"SPD";1968;"Niedersachsen";"Stadt Hannover I";"11. November 1968";"http://www.kerstin-tack.de";"kerstin.tack@bundestag.de"
"Kirsten Tackmann";"DIE LINKE";1960;"Brandenburg";;"24. September 1960";"http://www.kirsten-tackmann.de/";"kirsten.tackmann@bundestag.de"
"Peter Tauber";"CDU";1974;"Hessen";"Hanau";"22. August 1974";"http://www.petertauber.de/";"peter.tauber@bundestag.de"
"Frank Tempel";"DIE LINKE";1969;"Thüringen";;"19. Januar 1969";"http://www.bundestag.de/bundestag/abgeordnete17/biografien/T/tempel_frank.html";"frank.tempel@bundestag.de"
"Harald Terpe";"GRÜNE";1954;"Mecklenburg-Vorpommern";;;"http://www.harald-terpe.de";"harald.terpe@bundestag.de"
"Carl-Ludwig Thiele";"FDP";1953;"Niedersachsen";;"9. August 1953";"http://www.bundestag.de/bundestag/abgeordnete17/biografien/T/thiele_carl_ludwig.html";"carl-ludwig.thiele@bundestag.de"
"Wolfgang Thierse";"SPD";1943;"Berlin";;"22. Oktober 1943";"http://www.thierse.de/";"wolfgang.thierse@bundestag.de"
"Stephan Thomae";"FDP";1968;"Bayern";;"19. Juni 1968";"http://www.stephan-thomae.de";"stephan.thomae@bundestag.de"
"Franz Thönnes";"SPD";1954;"Schleswig-Holstein";;"16. September 1954";"http://www.thoennes.de/";"franz.thoennes@bundestag.de"
"Wolfgang Tiefensee";"SPD";1955;"Sachsen";;"4. Januar 1955";"http://www.bundestag.de/bundestag/abgeordnete17/biografien/T/tiefensee_wolfgang.html";"wolfgang.tiefensee@bundestag.de"
"Antje Tillmann";"CDU";1964;"Thüringen";"Erfurt – Weimar – Weimarer Land II";;"http://www.antje-tillmann.de";"antje.tillmann@bundestag.de"
"Florian Toncar";"FDP";1979;"Baden-Württemberg";;"18. Oktober 1979";"http://www.toncar.de";"florian.toncar@bundestag.de"
"Serkan Tören";"FDP";1972;"Niedersachsen";;"6. November 1972";"http://www.bundestag.de/bundestag/abgeordnete17/biografien/T/toeren_serkan.html";"serkan.toeren@bundestag.de"
"Markus Tressel";"GRÜNE";1977;"Saarland";;"17. April 1977";"http://www.bundestag.de/bundestag/abgeordnete17/biografien/T/tressel_markus.html";"markus.tressel@bundestag.de"
"Jürgen Trittin";"GRÜNE";1954;"Niedersachsen";;"25. Juli 1954";"http://www.juergentrittin.de/";"juergen.trittin@bundestag.de"
"Axel Troost";"DIE LINKE";1954;"Sachsen";;"1. September 1954";"http://www.axel-troost.de";"axel.troost@bundestag.de"
"Hans-Peter Uhl";"CSU";1944;"Bayern";"München-West/Mitte";"5. August 1944";"http://www.uhl-csu.de/";"hans-peter.uhl@bundestag.de"
"Alexander Ulrich";"DIE LINKE";1971;"Rheinland-Pfalz";;"11. Februar 1971";"http://www.mdb-alexanderulrich.de/";"alexander.ulrich@bundestag.de"
"Arnold Vaatz";"CDU";1955;"Sachsen";"Dresden II – Bautzen II";"9. August 1955";"http://www.arnold-vaatz-mdb.de/";"arnold.vaatz@bundestag.de"
"Rüdiger Veit";"SPD";1949;"Hessen";;"3. Mai 1949";"http://www.ruediger-veit.de/";"ruediger.veit@bundestag.de"
"Johannes Vogel";"FDP";1982;"Nordrhein-Westfalen";;"29. April 1982";"http://www.bundestag.de/bundestag/abgeordnete17/biografien/V/vogel_johannes.html";"johannes.vogel@bundestag.de"
"Volkmar Vogel";"CDU";1959;"Thüringen";"Greiz – Altenburger Land";"18. Januar 1959";"http://www.volkmar-vogel.de";"volkmar.vogel@bundestag.de"
"Stefanie Vogelsang";"CDU";1966;"Berlin";"Berlin-Neukölln";"25. April 1966";"http://www.stefanie-vogelsang.de/";"stefanie.vogelsang@bundestag.de"
"Kathrin Vogler";"DIE LINKE";1963;"Nordrhein-Westfalen";;"29. September 1963";"http://www.kathrinvogler.de/";"kathrin.vogler@bundestag.de"
"Ute Vogt";"SPD";1964;"Baden-Württemberg";;"3. Oktober 1964";"http://www.ute-vogt.de/";"ute.vogt@bundestag.de"
"Daniel Volk";"FDP";1970;"Bayern";;"25. Januar 1970";"http://www.danielvolk.de/";"daniel.volk@bundestag.de"
"Marlies Volkmer";"SPD";1947;"Sachsen";;"21. August 1947";"http://www.marlies-volkmer.de";"marlies.volkmer@bundestag.de"
"Johanna Voß";"DIE LINKE";1957;"Niedersachsen";;"3. September 1957";"http://www.bundestag.de/bundestag/abgeordnete17/biografien/V/voss_johanna.html";"johanna.voß@bundestag.de"
"Andrea Astrid Voßhoff";"CDU";1958;"Brandenburg";;"31. Juli 1958";"http://www.vosshoff.de/";"andrea.vosshoff@bundestag.de"
"Johann Wadephul";"CDU";1963;"Schleswig-Holstein";"Rendsburg-Eckernförde";"10. Februar 1963";"http://www.johann-wadephul.de/";"johann.wadephul@bundestag.de"
"Sahra Wagenknecht";"DIE LINKE";1969;"Nordrhein-Westfalen";;"16. Juli 1969";"http://www.sahra-wagenknecht.de";"sahra.wagenknecht@bundestag.de"
"Daniela Wagner";"GRÜNE";1957;"Hessen";;"4. April 1957";"http://www.daniela-wagner.net";"daniela.wagner@bundestag.de"
"Marco Wanderwitz";"CDU";1975;"Sachsen";"Chemnitzer Umland – Erzgebirgskreis II";"10. Oktober 1975";"http://www.wanderwitz.de";"marco.wanderwitz@bundestag.de"
"Halina Wawzyniak";"DIE LINKE";1973;"Berlin";;"17. Juli 1973";"http://www.wawzyniak.de";"halina.wawzyniak@bundestag.de"
"Kai Wegner";"CDU";1972;"Berlin";"Berlin-Spandau – Charlottenburg Nord";"15. September 1972";"http://www.kai-wegner.de/";"kai.wegner@bundestag.de"
"Harald Weinberg";"DIE LINKE";1957;"Bayern";;"13. Februar 1957";"http://www.harald-weinberg.de/";"harald.weinberg@bundestag.de"
"Marcus Weinberg";"CDU";1967;"Hamburg";;"4. Juni 1967";"http://www.marcusweinberg.de/";"marcus.weinberg@bundestag.de"
"Sabine Weiss";"CDU";1958;"Nordrhein-Westfalen";"Wesel I";"26. Mai 1958";"http://www.bundestag.de/bundestag/abgeordnete17/biografien/W/weiss_sabine.html";"sabine.weiss@bundestag.de"
"Peter Weiß";"CDU";1956;"Baden-Württemberg";"Emmendingen – Lahr";"12. März 1956";"http://www.peter-weiss.de/";"peter.weiß@bundestag.de"
"Ingo Wellenreuther";"CDU";1959;"Baden-Württemberg";"Karlsruhe-Stadt";;"http://www.ingo-wellenreuther.de";"ingo.wellenreuther@bundestag.de"
"Karl-Georg Wellmann";"CDU";1952;"Berlin";"Berlin-Steglitz – Zehlendorf";"18. November 1952";"http://wellmann-berlin.de";"karl-georg.wellmann@bundestag.de"
"Katrin Werner";"DIE LINKE";1973;"Rheinland-Pfalz";;"25. Mai 1973";"http://www.bundestag.de/bundestag/abgeordnete17/biografien/W/werner_katrin.html";"katrin.werner@bundestag.de"
"Guido Westerwelle";"FDP";1961;"Nordrhein-Westfalen";;"27. Dezember 1961";"http://www.guido-westerwelle.de/";"guido.westerwelle@bundestag.de"
"Peter Wichtel";"CDU";1949;"Hessen";"Offenbach";"5. Januar 1949";"http://www.peter-wichtel.de/";"peter.wichtel@bundestag.de"
"Andrea Wicklein";"SPD";1958;"Brandenburg";"Potsdam – Potsdam-Mittelmark II – Teltow-Fläming II";"6. März 1958";"http://www.andrea-wicklein.de";"andrea.wicklein@bundestag.de"
"Annette Widmann-Mauz";"CDU";1966;"Baden-Württemberg";"Tübingen";"13. Juni 1966";"http://www.widmann-mauz.de";"annette.widmann-mauz@bundestag.de"
"Heidemarie Wieczorek-Zeul";"SPD";1942;"Hessen";;"21. November 1942";"http://www.bundestag.de/bundestag/abgeordnete17/biografien/W/wieczorek_zeul_heidemarie.html";"heidemarie.wieczorek-zeul@bundestag.de"
"Dieter Wiefelspütz";"SPD";1946;"Nordrhein-Westfalen";"Hamm – Unna II";"22. September 1946";"http://www.dieterwiefelspuetz.de/";"dieter.wiefelspuetz@bundestag.de"
"Wolfgang Wieland";"GRÜNE";1948;"Berlin";;"9. März 1948";"http://wolfgang-wieland-info.de/";"wolfgang.wieland@bundestag.de"
"Klaus-Peter Willsch";"CDU";1961;"Hessen";"Rheingau-Taunus – Limburg";"28. Februar 1961";"http://www.klaus-peter-willsch.de/";"klaus-peter.willsch@bundestag.de"
"Valerie Wilms";"GRÜNE";1954;"Schleswig-Holstein";;"22. Januar 1954";"http://www.bundestag.de/bundestag/abgeordnete17/biografien/W/wilms_valerie.html";"valerie.wilms@bundestag.de"
"Elisabeth Winkelmeier-Becker";"CDU";1962;"Nordrhein-Westfalen";"Rhein-Sieg-Kreis I";"15. September 1962";"http://www.lisa2005.de";"elisabeth.winkelmeier-becker@bundestag.de"
"Josef Philip Winkler";"GRÜNE";1974;"Rheinland-Pfalz";;"5. April 1974";"http://www.josef-winkler.de";" josef.winkler@bundestag.de"
"Claudia Winterstein";"FDP";1950;"Niedersachsen";;;"http://www.claudia-winterstein.de";"claudia.winterstein@bundestag.de"
"Volker Wissing";"FDP";1970;"Rheinland-Pfalz";;"22. April 1970";"http://www.volker-wissing.de/";"volker.wissing@bundestag.de"
"Dagmar Wöhrl";"CSU";1954;"Bayern";"Nürnberg-Nord";"5. Mai 1954";"http://www.dagmar-woehrl.de/";"dagmar.woehrl@bundestag.de"
"Hartfrid Wolff";"FDP";1971;"Baden-Württemberg";;;"http://www.hartfrid-wolff.de/";"hartfrid.wolff@bundestag.de"
"Waltraud Wolff";"SPD";1956;"Sachsen-Anhalt";;"15. März 1956";"http://www.waltraud-wolff.de";"waltraud.wolff@bundestag.de"
"Jörn Wunderlich";"DIE LINKE";1960;"Sachsen";;"16. Januar 1960";"http://www.linksfraktion.de/abgeordnete/joern-wunderlich/profil";"joern.wunderlich@bundestag.de"
"Uta Zapf";"SPD";1941;"Hessen";;"14. August 1941";"http://www.uta-zapf.de";"uta.zapf@bundestag.de"
"Dagmar Ziegler";"SPD";1960;"Brandenburg";"Prignitz – Ostprignitz-Ruppin – Havelland I";"28. September 1960";"http://www.bundestag.de/bundestag/abgeordnete17/biografien/Z/ziegler_dagmar.html";"dagmar.ziegler@bundestag.de"
"Matthias Zimmer";"CDU";1961;"Hessen";"Frankfurt am Main I";"3. Mai 1961";"http://www.bundestag.de/bundestag/abgeordnete17/biografien/Z/zimmer_matthias.html";"matthias.zimmer@bundestag.de"
"Sabine Zimmermann";"DIE LINKE";1960;"Sachsen";;"30. Dezember 1960";"http://www.linksfraktion.de/abgeordnete/sabine-zimmermann/profil";"sabine.zimmermann@bundestag.de"
"Wolfgang Zöller";"CSU";1942;"Hessen";"Main-Spessart";"18. Juni 1942";"http://www.wolfgang-zoeller.de/";"wolfgang.zoeller@bundestag.de"
"Manfred Helmut Zöllmer";"SPD";1950;"Nordrhein-Westfalen";"Wuppertal I";"29. August 1950";"http://www.manfred-zoellmer.de/";"manfred.zoellmer@bundestag.de"
"Willi Zylajew";"CDU";1950;"Nordrhein-Westfalen";"Erftkreis I";"9. Januar 1950";"http://www.willi-zylajew.de/";"willi.zylajew@bundestag.de"
"Brigitte Zypries";"SPD";1953;"Hessen";"Darmstadt";"16. November 1953";"http://www.brigittezypries.de/";"brigitte.zypries@bundestag.de"
